{
    "hidden": false,
    "children": [{
        "hidden": false,
        "children": [
            {
                "hidden": false,
                "locked": false,
                "type": "GradientWidget",
                "properties": {
                    "HAlignment": {
                        "type": "TEXT",
                        "value": "Center"
                    },
                    "Scheme": {
                        "type": "SCHEME",
                        "value": "gradientScheme"
                    },
                    "AlphaAmount": {
                        "type": "INTEGER",
                        "value": 255
                    },
                    "Position": {
                        "X": {
                            "type": "INTEGER",
                            "value": 0
                        },
                        "Y": {
                            "type": "INTEGER",
                            "value": 0
                        }
                    },
                    "Size": {
                        "Height": {
                            "type": "INTEGER",
                            "value": 320
                        },
                        "Width": {
                            "type": "INTEGER",
                            "value": 480
                        }
                    },
                    "MarginRight": {
                        "type": "INTEGER",
                        "value": 4
                    },
                    "Enabled": {
                        "type": "BOOLEAN",
                        "value": false
                    },
                    "MarginTop": {
                        "type": "INTEGER",
                        "value": 4
                    },
                    "Direction": {
                        "type": "TEXT",
                        "value": "Up"
                    },
                    "Name": {
                        "type": "TEXT",
                        "value": "GradientWidget0"
                    },
                    "AlphaEnable": {
                        "type": "BOOLEAN",
                        "value": false
                    },
                    "VAlignment": {
                        "type": "TEXT",
                        "value": "Middle"
                    },
                    "BackgroundType": {
                        "type": "TEXT",
                        "value": "Fill"
                    },
                    "MarginBottom": {
                        "type": "INTEGER",
                        "value": 4
                    },
                    "Visible": {
                        "type": "BOOLEAN",
                        "value": true
                    },
                    "BorderType": {
                        "type": "TEXT",
                        "value": "None"
                    },
                    "MarginLeft": {
                        "type": "INTEGER",
                        "value": 4
                    }
                }
            },
            {
                "hidden": false,
                "locked": true,
                "type": "ImageWidget",
                "properties": {
                    "HAlignment": {
                        "type": "TEXT",
                        "value": "Center"
                    },
                    "Scheme": {
                        "type": "SCHEME",
                        "value": ""
                    },
                    "AlphaAmount": {
                        "type": "INTEGER",
                        "value": 255
                    },
                    "Position": {
                        "X": {
                            "type": "INTEGER",
                            "value": 170
                        },
                        "Y": {
                            "type": "INTEGER",
                            "value": 106
                        }
                    },
                    "Size": {
                        "Height": {
                            "type": "INTEGER",
                            "value": 132
                        },
                        "Width": {
                            "type": "INTEGER",
                            "value": 141
                        }
                    },
                    "MarginRight": {
                        "type": "INTEGER",
                        "value": 4
                    },
                    "Enabled": {
                        "type": "BOOLEAN",
                        "value": true
                    },
                    "MarginTop": {
                        "type": "INTEGER",
                        "value": 4
                    },
                    "Image": {
                        "type": "IMAGE",
                        "value": "mplabharmonylogo"
                    },
                    "Name": {
                        "type": "TEXT",
                        "value": "WatermarkImage"
                    },
                    "AlphaEnable": {
                        "type": "BOOLEAN",
                        "value": false
                    },
                    "VAlignment": {
                        "type": "TEXT",
                        "value": "Middle"
                    },
                    "BackgroundType": {
                        "type": "TEXT",
                        "value": "None"
                    },
                    "MarginBottom": {
                        "type": "INTEGER",
                        "value": 4
                    },
                    "Visible": {
                        "type": "BOOLEAN",
                        "value": true
                    },
                    "BorderType": {
                        "type": "TEXT",
                        "value": "None"
                    },
                    "MarginLeft": {
                        "type": "INTEGER",
                        "value": 4
                    }
                }
            },
            {
                "hidden": false,
                "locked": true,
                "type": "ImageWidget",
                "properties": {
                    "HAlignment": {
                        "type": "TEXT",
                        "value": "Center"
                    },
                    "Scheme": {
                        "type": "SCHEME",
                        "value": ""
                    },
                    "AlphaAmount": {
                        "type": "INTEGER",
                        "value": 255
                    },
                    "Position": {
                        "X": {
                            "type": "INTEGER",
                            "value": 11
                        },
                        "Y": {
                            "type": "INTEGER",
                            "value": 11
                        }
                    },
                    "Size": {
                        "Height": {
                            "type": "INTEGER",
                            "value": 32
                        },
                        "Width": {
                            "type": "INTEGER",
                            "value": 32
                        }
                    },
                    "MarginRight": {
                        "type": "INTEGER",
                        "value": 4
                    },
                    "Enabled": {
                        "type": "BOOLEAN",
                        "value": true
                    },
                    "MarginTop": {
                        "type": "INTEGER",
                        "value": 4
                    },
                    "Image": {
                        "type": "IMAGE",
                        "value": "mchpLogo"
                    },
                    "Name": {
                        "type": "TEXT",
                        "value": "LogoImage"
                    },
                    "AlphaEnable": {
                        "type": "BOOLEAN",
                        "value": false
                    },
                    "VAlignment": {
                        "type": "TEXT",
                        "value": "Middle"
                    },
                    "BackgroundType": {
                        "type": "TEXT",
                        "value": "None"
                    },
                    "MarginBottom": {
                        "type": "INTEGER",
                        "value": 4
                    },
                    "Visible": {
                        "type": "BOOLEAN",
                        "value": true
                    },
                    "BorderType": {
                        "type": "TEXT",
                        "value": "None"
                    },
                    "MarginLeft": {
                        "type": "INTEGER",
                        "value": 4
                    }
                }
            },
            {
                "hidden": false,
                "locked": true,
                "type": "LabelWidget",
                "properties": {
                    "HAlignment": {
                        "type": "TEXT",
                        "value": "Center"
                    },
                    "Scheme": {
                        "type": "SCHEME",
                        "value": "whiteScheme"
                    },
                    "AlphaAmount": {
                        "type": "INTEGER",
                        "value": 255
                    },
                    "Position": {
                        "X": {
                            "type": "INTEGER",
                            "value": 64
                        },
                        "Y": {
                            "type": "INTEGER",
                            "value": 14
                        }
                    },
                    "Size": {
                        "Height": {
                            "type": "INTEGER",
                            "value": 32
                        },
                        "Width": {
                            "type": "INTEGER",
                            "value": 398
                        }
                    },
                    "MarginRight": {
                        "type": "INTEGER",
                        "value": 4
                    },
                    "Enabled": {
                        "type": "BOOLEAN",
                        "value": true
                    },
                    "MarginTop": {
                        "type": "INTEGER",
                        "value": 4
                    },
                    "Name": {
                        "type": "TEXT",
                        "value": "TitleLabel"
                    },
                    "AlphaEnable": {
                        "type": "BOOLEAN",
                        "value": false
                    },
                    "VAlignment": {
                        "type": "TEXT",
                        "value": "Middle"
                    },
                    "BackgroundType": {
                        "type": "TEXT",
                        "value": "None"
                    },
                    "StringID": {
                        "type": "STRING",
                        "value": "Title"
                    },
                    "MarginBottom": {
                        "type": "INTEGER",
                        "value": 4
                    },
                    "Visible": {
                        "type": "BOOLEAN",
                        "value": true
                    },
                    "BorderType": {
                        "type": "TEXT",
                        "value": "None"
                    },
                    "MarginLeft": {
                        "type": "INTEGER",
                        "value": 4
                    }
                }
            },
            {
                "hidden": false,
                "children": [
                    {
                        "hidden": false,
                        "locked": false,
                        "type": "LabelWidget",
                        "properties": {
                            "HAlignment": {
                                "type": "TEXT",
                                "value": "Center"
                            },
                            "Scheme": {
                                "type": "SCHEME",
                                "value": "whiteScheme"
                            },
                            "AlphaAmount": {
                                "type": "INTEGER",
                                "value": 255
                            },
                            "Position": {
                                "X": {
                                    "type": "INTEGER",
                                    "value": 76
                                },
                                "Y": {
                                    "type": "INTEGER",
                                    "value": 0
                                }
                            },
                            "Size": {
                                "Height": {
                                    "type": "INTEGER",
                                    "value": 25
                                },
                                "Width": {
                                    "type": "INTEGER",
                                    "value": 333
                                }
                            },
                            "MarginRight": {
                                "type": "INTEGER",
                                "value": 4
                            },
                            "Enabled": {
                                "type": "BOOLEAN",
                                "value": true
                            },
                            "MarginTop": {
                                "type": "INTEGER",
                                "value": 4
                            },
                            "Name": {
                                "type": "TEXT",
                                "value": "SelectMediumLabel"
                            },
                            "AlphaEnable": {
                                "type": "BOOLEAN",
                                "value": false
                            },
                            "VAlignment": {
                                "type": "TEXT",
                                "value": "Middle"
                            },
                            "BackgroundType": {
                                "type": "TEXT",
                                "value": "None"
                            },
                            "StringID": {
                                "type": "STRING",
                                "value": "SelectSource"
                            },
                            "MarginBottom": {
                                "type": "INTEGER",
                                "value": 4
                            },
                            "Visible": {
                                "type": "BOOLEAN",
                                "value": false
                            },
                            "BorderType": {
                                "type": "TEXT",
                                "value": "None"
                            },
                            "MarginLeft": {
                                "type": "INTEGER",
                                "value": 4
                            }
                        }
                    },
                    {
                        "hidden": false,
                        "locked": false,
                        "type": "ButtonWidget",
                        "properties": {
                            "HAlignment": {
                                "type": "TEXT",
                                "value": "Center"
                            },
                            "Pressed": {
                                "type": "BOOLEAN",
                                "value": false
                            },
                            "Scheme": {
                                "type": "SCHEME",
                                "value": "defaultScheme"
                            },
                            "ImageMargin": {
                                "type": "INTEGER",
                                "value": 10
                            },
                            "Size": {
                                "Height": {
                                    "type": "INTEGER",
                                    "value": 100
                                },
                                "Width": {
                                    "type": "INTEGER",
                                    "value": 100
                                }
                            },
                            "Toggleable": {
                                "type": "BOOLEAN",
                                "value": false
                            },
                            "MarginTop": {
                                "type": "INTEGER",
                                "value": 4
                            },
                            "Name": {
                                "type": "TEXT",
                                "value": "SDCardButton"
                            },
                            "AlphaEnable": {
                                "type": "BOOLEAN",
                                "value": false
                            },
                            "PressedEvent": {
                                "type": "BOOLEAN",
                                "value": false
                            },
                            "VAlignment": {
                                "type": "TEXT",
                                "value": "Middle"
                            },
                            "PressedImage": {
                                "type": "IMAGE",
                                "value": "sdcard1"
                            },
                            "PressedOffset": {
                                "type": "INTEGER",
                                "value": 1
                            },
                            "StringID": {
                                "type": "STRING",
                                "value": "SDCard"
                            },
                            "MarginBottom": {
                                "type": "INTEGER",
                                "value": 4
                            },
                            "Visible": {
                                "type": "BOOLEAN",
                                "value": false
                            },
                            "AlphaAmount": {
                                "type": "INTEGER",
                                "value": 255
                            },
                            "Position": {
                                "X": {
                                    "type": "INTEGER",
                                    "value": 58
                                },
                                "Y": {
                                    "type": "INTEGER",
                                    "value": 65
                                }
                            },
                            "ImagePosition": {
                                "type": "TEXT",
                                "value": "Above"
                            },
                            "MarginRight": {
                                "type": "INTEGER",
                                "value": 4
                            },
                            "Enabled": {
                                "type": "BOOLEAN",
                                "value": true
                            },
                            "ReleasedEvent": {
                                "type": "BOOLEAN",
                                "value": false
                            },
                            "BackgroundType": {
                                "type": "TEXT",
                                "value": "Fill"
                            },
                            "ReleasedImage": {
                                "type": "IMAGE",
                                "value": "sdcard1"
                            },
                            "BorderType": {
                                "type": "TEXT",
                                "value": "Bevel"
                            },
                            "MarginLeft": {
                                "type": "INTEGER",
                                "value": 4
                            }
                        },
                        "events": {
                            "ReleasedEvent": {
                                "mode": "GENERATE",
                                "pretty_name": "Released",
                                "name": "ReleasedEvent",
                                "enabled": "false"
                            },
                            "PressedEvent": {
                                "mode": "GENERATE",
                                "pretty_name": "Pressed",
                                "name": "PressedEvent",
                                "enabled": "false"
                            }
                        }
                    },
                    {
                        "hidden": false,
                        "locked": false,
                        "type": "ButtonWidget",
                        "properties": {
                            "HAlignment": {
                                "type": "TEXT",
                                "value": "Center"
                            },
                            "Pressed": {
                                "type": "BOOLEAN",
                                "value": false
                            },
                            "Scheme": {
                                "type": "SCHEME",
                                "value": "defaultScheme"
                            },
                            "ImageMargin": {
                                "type": "INTEGER",
                                "value": 10
                            },
                            "Size": {
                                "Height": {
                                    "type": "INTEGER",
                                    "value": 100
                                },
                                "Width": {
                                    "type": "INTEGER",
                                    "value": 100
                                }
                            },
                            "Toggleable": {
                                "type": "BOOLEAN",
                                "value": false
                            },
                            "MarginTop": {
                                "type": "INTEGER",
                                "value": 4
                            },
                            "Name": {
                                "type": "TEXT",
                                "value": "USBButton"
                            },
                            "AlphaEnable": {
                                "type": "BOOLEAN",
                                "value": true
                            },
                            "PressedEvent": {
                                "type": "BOOLEAN",
                                "value": false
                            },
                            "VAlignment": {
                                "type": "TEXT",
                                "value": "Middle"
                            },
                            "PressedImage": {
                                "type": "IMAGE",
                                "value": "usbicon"
                            },
                            "PressedOffset": {
                                "type": "INTEGER",
                                "value": 1
                            },
                            "StringID": {
                                "type": "STRING",
                                "value": "USB"
                            },
                            "MarginBottom": {
                                "type": "INTEGER",
                                "value": 4
                            },
                            "Visible": {
                                "type": "BOOLEAN",
                                "value": false
                            },
                            "AlphaAmount": {
                                "type": "INTEGER",
                                "value": 255
                            },
                            "Position": {
                                "X": {
                                    "type": "INTEGER",
                                    "value": 319
                                },
                                "Y": {
                                    "type": "INTEGER",
                                    "value": 62
                                }
                            },
                            "ImagePosition": {
                                "type": "TEXT",
                                "value": "Above"
                            },
                            "MarginRight": {
                                "type": "INTEGER",
                                "value": 4
                            },
                            "Enabled": {
                                "type": "BOOLEAN",
                                "value": true
                            },
                            "ReleasedEvent": {
                                "type": "BOOLEAN",
                                "value": false
                            },
                            "BackgroundType": {
                                "type": "TEXT",
                                "value": "Fill"
                            },
                            "ReleasedImage": {
                                "type": "IMAGE",
                                "value": "usbicon"
                            },
                            "BorderType": {
                                "type": "TEXT",
                                "value": "Bevel"
                            },
                            "MarginLeft": {
                                "type": "INTEGER",
                                "value": 4
                            }
                        },
                        "events": {
                            "ReleasedEvent": {
                                "mode": "GENERATE",
                                "pretty_name": "Released",
                                "name": "ReleasedEvent",
                                "enabled": "false"
                            },
                            "PressedEvent": {
                                "mode": "GENERATE",
                                "pretty_name": "Pressed",
                                "name": "PressedEvent",
                                "enabled": "false"
                            }
                        }
                    },
                    {
                        "hidden": false,
                        "children": [
                            {
                                "hidden": false,
                                "locked": false,
                                "type": "LabelWidget",
                                "properties": {
                                    "HAlignment": {
                                        "type": "TEXT",
                                        "value": "Center"
                                    },
                                    "Scheme": {
                                        "type": "SCHEME",
                                        "value": "whiteScheme"
                                    },
                                    "AlphaAmount": {
                                        "type": "INTEGER",
                                        "value": 255
                                    },
                                    "Position": {
                                        "X": {
                                            "type": "INTEGER",
                                            "value": -2
                                        },
                                        "Y": {
                                            "type": "INTEGER",
                                            "value": 28
                                        }
                                    },
                                    "Size": {
                                        "Height": {
                                            "type": "INTEGER",
                                            "value": 25
                                        },
                                        "Width": {
                                            "type": "INTEGER",
                                            "value": 466
                                        }
                                    },
                                    "MarginRight": {
                                        "type": "INTEGER",
                                        "value": 4
                                    },
                                    "Enabled": {
                                        "type": "BOOLEAN",
                                        "value": true
                                    },
                                    "MarginTop": {
                                        "type": "INTEGER",
                                        "value": 4
                                    },
                                    "Name": {
                                        "type": "TEXT",
                                        "value": "NoMediumLabel2"
                                    },
                                    "AlphaEnable": {
                                        "type": "BOOLEAN",
                                        "value": false
                                    },
                                    "VAlignment": {
                                        "type": "TEXT",
                                        "value": "Middle"
                                    },
                                    "BackgroundType": {
                                        "type": "TEXT",
                                        "value": "None"
                                    },
                                    "StringID": {
                                        "type": "STRING",
                                        "value": "NoValidMedium2"
                                    },
                                    "MarginBottom": {
                                        "type": "INTEGER",
                                        "value": 4
                                    },
                                    "Visible": {
                                        "type": "BOOLEAN",
                                        "value": false
                                    },
                                    "BorderType": {
                                        "type": "TEXT",
                                        "value": "None"
                                    },
                                    "MarginLeft": {
                                        "type": "INTEGER",
                                        "value": 4
                                    }
                                }
                            },
                            {
                                "hidden": false,
                                "locked": false,
                                "type": "LabelWidget",
                                "properties": {
                                    "HAlignment": {
                                        "type": "TEXT",
                                        "value": "Center"
                                    },
                                    "Scheme": {
                                        "type": "SCHEME",
                                        "value": "whiteScheme"
                                    },
                                    "AlphaAmount": {
                                        "type": "INTEGER",
                                        "value": 255
                                    },
                                    "Position": {
                                        "X": {
                                            "type": "INTEGER",
                                            "value": 92
                                        },
                                        "Y": {
                                            "type": "INTEGER",
                                            "value": 0
                                        }
                                    },
                                    "Size": {
                                        "Height": {
                                            "type": "INTEGER",
                                            "value": 25
                                        },
                                        "Width": {
                                            "type": "INTEGER",
                                            "value": 277
                                        }
                                    },
                                    "MarginRight": {
                                        "type": "INTEGER",
                                        "value": 4
                                    },
                                    "Enabled": {
                                        "type": "BOOLEAN",
                                        "value": true
                                    },
                                    "MarginTop": {
                                        "type": "INTEGER",
                                        "value": 4
                                    },
                                    "Name": {
                                        "type": "TEXT",
                                        "value": "NoMediumLabel1"
                                    },
                                    "AlphaEnable": {
                                        "type": "BOOLEAN",
                                        "value": false
                                    },
                                    "VAlignment": {
                                        "type": "TEXT",
                                        "value": "Middle"
                                    },
                                    "BackgroundType": {
                                        "type": "TEXT",
                                        "value": "None"
                                    },
                                    "StringID": {
                                        "type": "STRING",
                                        "value": "NoValidMedium"
                                    },
                                    "MarginBottom": {
                                        "type": "INTEGER",
                                        "value": 4
                                    },
                                    "Visible": {
                                        "type": "BOOLEAN",
                                        "value": false
                                    },
                                    "BorderType": {
                                        "type": "TEXT",
                                        "value": "None"
                                    },
                                    "MarginLeft": {
                                        "type": "INTEGER",
                                        "value": 4
                                    }
                                }
                            }
                        ],
                        "locked": false,
                        "type": "PanelWidget",
                        "properties": {
                            "HAlignment": {
                                "type": "TEXT",
                                "value": "Center"
                            },
                            "Scheme": {
                                "type": "SCHEME",
                                "value": "whiteScheme"
                            },
                            "AlphaAmount": {
                                "type": "INTEGER",
                                "value": 255
                            },
                            "Position": {
                                "X": {
                                    "type": "INTEGER",
                                    "value": 10
                                },
                                "Y": {
                                    "type": "INTEGER",
                                    "value": 189
                                }
                            },
                            "Size": {
                                "Height": {
                                    "type": "INTEGER",
                                    "value": 57
                                },
                                "Width": {
                                    "type": "INTEGER",
                                    "value": 458
                                }
                            },
                            "MarginRight": {
                                "type": "INTEGER",
                                "value": 4
                            },
                            "Enabled": {
                                "type": "BOOLEAN",
                                "value": true
                            },
                            "MarginTop": {
                                "type": "INTEGER",
                                "value": 4
                            },
                            "Name": {
                                "type": "TEXT",
                                "value": "ErrorMsgPanel"
                            },
                            "AlphaEnable": {
                                "type": "BOOLEAN",
                                "value": false
                            },
                            "VAlignment": {
                                "type": "TEXT",
                                "value": "Middle"
                            },
                            "BackgroundType": {
                                "type": "TEXT",
                                "value": "None"
                            },
                            "MarginBottom": {
                                "type": "INTEGER",
                                "value": 4
                            },
                            "Visible": {
                                "type": "BOOLEAN",
                                "value": true
                            },
                            "BorderType": {
                                "type": "TEXT",
                                "value": "None"
                            },
                            "MarginLeft": {
                                "type": "INTEGER",
                                "value": 4
                            }
                        }
                    },
                    {
                        "hidden": false,
                        "locked": false,
                        "type": "LabelWidget",
                        "properties": {
                            "HAlignment": {
                                "type": "TEXT",
                                "value": "Center"
                            },
                            "Scheme": {
                                "type": "SCHEME",
                                "value": "whiteScheme"
                            },
                            "AlphaAmount": {
                                "type": "INTEGER",
                                "value": 255
                            },
                            "Position": {
                                "X": {
                                    "type": "INTEGER",
                                    "value": 126
                                },
                                "Y": {
                                    "type": "INTEGER",
                                    "value": 187
                                }
                            },
                            "Size": {
                                "Height": {
                                    "type": "INTEGER",
                                    "value": 32
                                },
                                "Width": {
                                    "type": "INTEGER",
                                    "value": 227
                                }
                            },
                            "MarginRight": {
                                "type": "INTEGER",
                                "value": 4
                            },
                            "Enabled": {
                                "type": "BOOLEAN",
                                "value": true
                            },
                            "MarginTop": {
                                "type": "INTEGER",
                                "value": 4
                            },
                            "Name": {
                                "type": "TEXT",
                                "value": "LabelWidget3"
                            },
                            "AlphaEnable": {
                                "type": "BOOLEAN",
                                "value": false
                            },
                            "VAlignment": {
                                "type": "TEXT",
                                "value": "Middle"
                            },
                            "BackgroundType": {
                                "type": "TEXT",
                                "value": "None"
                            },
                            "StringID": {
                                "type": "STRING",
                                "value": "Initializing"
                            },
                            "MarginBottom": {
                                "type": "INTEGER",
                                "value": 4
                            },
                            "Visible": {
                                "type": "BOOLEAN",
                                "value": true
                            },
                            "BorderType": {
                                "type": "TEXT",
                                "value": "None"
                            },
                            "MarginLeft": {
                                "type": "INTEGER",
                                "value": 4
                            }
                        }
                    }
                ],
                "locked": true,
                "type": "PanelWidget",
                "properties": {
                    "HAlignment": {
                        "type": "TEXT",
                        "value": "Center"
                    },
                    "Scheme": {
                        "type": "SCHEME",
                        "value": ""
                    },
                    "AlphaAmount": {
                        "type": "INTEGER",
                        "value": 255
                    },
                    "Position": {
                        "X": {
                            "type": "INTEGER",
                            "value": 0
                        },
                        "Y": {
                            "type": "INTEGER",
                            "value": 60
                        }
                    },
                    "Size": {
                        "Height": {
                            "type": "INTEGER",
                            "value": 260
                        },
                        "Width": {
                            "type": "INTEGER",
                            "value": 480
                        }
                    },
                    "MarginRight": {
                        "type": "INTEGER",
                        "value": 4
                    },
                    "Enabled": {
                        "type": "BOOLEAN",
                        "value": true
                    },
                    "MarginTop": {
                        "type": "INTEGER",
                        "value": 4
                    },
                    "Name": {
                        "type": "TEXT",
                        "value": "SelectMediumPanel"
                    },
                    "AlphaEnable": {
                        "type": "BOOLEAN",
                        "value": false
                    },
                    "VAlignment": {
                        "type": "TEXT",
                        "value": "Middle"
                    },
                    "BackgroundType": {
                        "type": "TEXT",
                        "value": "None"
                    },
                    "MarginBottom": {
                        "type": "INTEGER",
                        "value": 4
                    },
                    "Visible": {
                        "type": "BOOLEAN",
                        "value": true
                    },
                    "BorderType": {
                        "type": "TEXT",
                        "value": "None"
                    },
                    "MarginLeft": {
                        "type": "INTEGER",
                        "value": 4
                    }
                }
            },
            {
                "hidden": false,
                "children": [
                    {
                        "hidden": false,
                        "locked": false,
                        "type": "LabelWidget",
                        "properties": {
                            "HAlignment": {
                                "type": "TEXT",
                                "value": "Center"
                            },
                            "Scheme": {
                                "type": "SCHEME",
                                "value": "whiteScheme"
                            },
                            "AlphaAmount": {
                                "type": "INTEGER",
                                "value": 255
                            },
                            "Position": {
                                "X": {
                                    "type": "INTEGER",
                                    "value": 14
                                },
                                "Y": {
                                    "type": "INTEGER",
                                    "value": 4
                                }
                            },
                            "Size": {
                                "Height": {
                                    "type": "INTEGER",
                                    "value": 33
                                },
                                "Width": {
                                    "type": "INTEGER",
                                    "value": 448
                                }
                            },
                            "MarginRight": {
                                "type": "INTEGER",
                                "value": 4
                            },
                            "Enabled": {
                                "type": "BOOLEAN",
                                "value": true
                            },
                            "MarginTop": {
                                "type": "INTEGER",
                                "value": 4
                            },
                            "Name": {
                                "type": "TEXT",
                                "value": "InfoLabel1"
                            },
                            "AlphaEnable": {
                                "type": "BOOLEAN",
                                "value": false
                            },
                            "VAlignment": {
                                "type": "TEXT",
                                "value": "Middle"
                            },
                            "BackgroundType": {
                                "type": "TEXT",
                                "value": "None"
                            },
                            "StringID": {
                                "type": "STRING",
                                "value": "Title"
                            },
                            "MarginBottom": {
                                "type": "INTEGER",
                                "value": 4
                            },
                            "Visible": {
                                "type": "BOOLEAN",
                                "value": true
                            },
                            "BorderType": {
                                "type": "TEXT",
                                "value": "None"
                            },
                            "MarginLeft": {
                                "type": "INTEGER",
                                "value": 4
                            }
                        }
                    },
                    {
                        "hidden": false,
                        "locked": false,
                        "type": "LabelWidget",
                        "properties": {
                            "HAlignment": {
                                "type": "TEXT",
                                "value": "Center"
                            },
                            "Scheme": {
                                "type": "SCHEME",
                                "value": "whiteScheme"
                            },
                            "AlphaAmount": {
                                "type": "INTEGER",
                                "value": 255
                            },
                            "Position": {
                                "X": {
                                    "type": "INTEGER",
                                    "value": 72
                                },
                                "Y": {
                                    "type": "INTEGER",
                                    "value": 29
                                }
                            },
                            "Size": {
                                "Height": {
                                    "type": "INTEGER",
                                    "value": 29
                                },
                                "Width": {
                                    "type": "INTEGER",
                                    "value": 336
                                }
                            },
                            "MarginRight": {
                                "type": "INTEGER",
                                "value": 4
                            },
                            "Enabled": {
                                "type": "BOOLEAN",
                                "value": true
                            },
                            "MarginTop": {
                                "type": "INTEGER",
                                "value": 4
                            },
                            "Name": {
                                "type": "TEXT",
                                "value": "InfoLabel2"
                            },
                            "AlphaEnable": {
                                "type": "BOOLEAN",
                                "value": false
                            },
                            "VAlignment": {
                                "type": "TEXT",
                                "value": "Middle"
                            },
                            "BackgroundType": {
                                "type": "TEXT",
                                "value": "None"
                            },
                            "StringID": {
                                "type": "STRING",
                                "value": "FileNotFound2"
                            },
                            "MarginBottom": {
                                "type": "INTEGER",
                                "value": 4
                            },
                            "Visible": {
                                "type": "BOOLEAN",
                                "value": true
                            },
                            "BorderType": {
                                "type": "TEXT",
                                "value": "None"
                            },
                            "MarginLeft": {
                                "type": "INTEGER",
                                "value": 4
                            }
                        }
                    },
                    {
                        "hidden": false,
                        "locked": false,
                        "type": "ButtonWidget",
                        "properties": {
                            "HAlignment": {
                                "type": "TEXT",
                                "value": "Center"
                            },
                            "Pressed": {
                                "type": "BOOLEAN",
                                "value": false
                            },
                            "Scheme": {
                                "type": "SCHEME",
                                "value": "defaultScheme"
                            },
                            "ImageMargin": {
                                "type": "INTEGER",
                                "value": 10
                            },
                            "Size": {
                                "Height": {
                                    "type": "INTEGER",
                                    "value": 44
                                },
                                "Width": {
                                    "type": "INTEGER",
                                    "value": 120
                                }
                            },
                            "Toggleable": {
                                "type": "BOOLEAN",
                                "value": false
                            },
                            "MarginTop": {
                                "type": "INTEGER",
                                "value": 4
                            },
                            "Name": {
                                "type": "TEXT",
                                "value": "InfoOKButton"
                            },
                            "AlphaEnable": {
                                "type": "BOOLEAN",
                                "value": false
                            },
                            "PressedEvent": {
                                "type": "BOOLEAN",
                                "value": false
                            },
                            "VAlignment": {
                                "type": "TEXT",
                                "value": "Middle"
                            },
                            "PressedImage": {
                                "type": "IMAGE",
                                "value": ""
                            },
                            "PressedOffset": {
                                "type": "INTEGER",
                                "value": 1
                            },
                            "StringID": {
                                "type": "STRING",
                                "value": "Ok"
                            },
                            "MarginBottom": {
                                "type": "INTEGER",
                                "value": 4
                            },
                            "Visible": {
                                "type": "BOOLEAN",
                                "value": true
                            },
                            "AlphaAmount": {
                                "type": "INTEGER",
                                "value": 255
                            },
                            "Position": {
                                "X": {
                                    "type": "INTEGER",
                                    "value": 177
                                },
                                "Y": {
                                    "type": "INTEGER",
                                    "value": 189
                                }
                            },
                            "ImagePosition": {
                                "type": "TEXT",
                                "value": "LeftOf"
                            },
                            "MarginRight": {
                                "type": "INTEGER",
                                "value": 4
                            },
                            "Enabled": {
                                "type": "BOOLEAN",
                                "value": true
                            },
                            "ReleasedEvent": {
                                "type": "BOOLEAN",
                                "value": false
                            },
                            "BackgroundType": {
                                "type": "TEXT",
                                "value": "Fill"
                            },
                            "ReleasedImage": {
                                "type": "IMAGE",
                                "value": ""
                            },
                            "BorderType": {
                                "type": "TEXT",
                                "value": "Bevel"
                            },
                            "MarginLeft": {
                                "type": "INTEGER",
                                "value": 4
                            }
                        },
                        "events": {
                            "ReleasedEvent": {
                                "mode": "GENERATE",
                                "pretty_name": "Released",
                                "name": "ReleasedEvent",
                                "enabled": "false"
                            },
                            "PressedEvent": {
                                "mode": "GENERATE",
                                "pretty_name": "Pressed",
                                "name": "PressedEvent",
                                "enabled": "false"
                            }
                        }
                    }
                ],
                "locked": true,
                "type": "PanelWidget",
                "properties": {
                    "HAlignment": {
                        "type": "TEXT",
                        "value": "Center"
                    },
                    "Scheme": {
                        "type": "SCHEME",
                        "value": ""
                    },
                    "AlphaAmount": {
                        "type": "INTEGER",
                        "value": 255
                    },
                    "Position": {
                        "X": {
                            "type": "INTEGER",
                            "value": 0
                        },
                        "Y": {
                            "type": "INTEGER",
                            "value": 60
                        }
                    },
                    "Size": {
                        "Height": {
                            "type": "INTEGER",
                            "value": 260
                        },
                        "Width": {
                            "type": "INTEGER",
                            "value": 480
                        }
                    },
                    "MarginRight": {
                        "type": "INTEGER",
                        "value": 4
                    },
                    "Enabled": {
                        "type": "BOOLEAN",
                        "value": true
                    },
                    "MarginTop": {
                        "type": "INTEGER",
                        "value": 4
                    },
                    "Name": {
                        "type": "TEXT",
                        "value": "InfoPanel"
                    },
                    "AlphaEnable": {
                        "type": "BOOLEAN",
                        "value": false
                    },
                    "VAlignment": {
                        "type": "TEXT",
                        "value": "Middle"
                    },
                    "BackgroundType": {
                        "type": "TEXT",
                        "value": "None"
                    },
                    "MarginBottom": {
                        "type": "INTEGER",
                        "value": 4
                    },
                    "Visible": {
                        "type": "BOOLEAN",
                        "value": false
                    },
                    "BorderType": {
                        "type": "TEXT",
                        "value": "None"
                    },
                    "MarginLeft": {
                        "type": "INTEGER",
                        "value": 4
                    }
                }
            }
        ],
        "locked": false,
        "type": "Layer",
        "properties": {
            "AlphaAmount": {
                "type": "INTEGER",
                "value": 255
            },
            "Visible": {
                "type": "BOOLEAN",
                "value": true
            },
            "Name": {
                "type": "TEXT",
                "value": "Layer0"
            },
            "AlphaEnable": {
                "type": "BOOLEAN",
                "value": false
            }
        }
    }],
    "locked": false,
    "properties": {
        "Active": {
            "type": "BOOLEAN",
            "value": true
        },
        "CreateAtStartup": {
            "type": "BOOLEAN",
            "value": false
        },
        "Primary": {
            "type": "BOOLEAN",
            "value": true
        },
        "Visible": {
            "type": "BOOLEAN",
            "value": true
        },
        "Export": {
            "type": "BOOLEAN",
            "value": true
        },
        "Persistent": {
            "type": "BOOLEAN",
            "value": false
        },
        "HideEvent": {
            "type": "BOOLEAN",
            "value": true
        },
        "Name": {
            "type": "TEXT",
            "value": "default"
        },
        "ShowEvent": {
            "type": "BOOLEAN",
            "value": true
        },
        "UpdateEvent": {
            "type": "BOOLEAN",
            "value": true
        }
    },
    "events": {
        "HideEvent": {
            "mode": "DECLARE",
            "pretty_name": "On Hide",
            "name": "HideEvent",
            "enabled": "true"
        },
        "ShowEvent": {
            "mode": "DECLARE",
            "pretty_name": "On Show",
            "name": "ShowEvent",
            "enabled": "true"
        },
        "UpdateEvent": {
            "mode": "DECLARE",
            "pretty_name": "On Update",
            "name": "UpdateEvent",
            "enabled": "true"
        }
    }
}