{
    "sourceFileName": "mplabharmonylogo.png",
    "sourceFileFormat": "Raw",
    "folder": "/",
    "operations": [{
        "newSize": {
            "width": 150,
            "height": 111
        },
        "type": "Resize",
        "oldSize": {
            "width": 270,
            "height": 200
        }
    }],
    "sourceFileWidth": 270,
    "sourceFileHeight": 200,
    "imageType": "Raw",
    "properties": {
        "OutputSize": {
            "Height": {
                "type": "INTEGER",
                "value": 111
            },
            "Width": {
                "type": "INTEGER",
                "value": 150
            }
        },
        "OutputMode": {
            "type": "TEXT",
            "value": "ARGB_8888"
        },
        "ImportSize": {
            "Height": {
                "type": "INTEGER",
                "value": 200
            },
            "Width": {
                "type": "INTEGER",
                "value": 270
            }
        },
        "OutputFormat": {
            "type": "TEXT",
            "value": "Raw"
        },
        "MaskColor": {
            "Red": {
                "type": "FLOAT",
                "value": 0
            },
            "Gray": {
                "type": "FLOAT",
                "value": 0
            },
            "OutputMode": {
                "type": "TEXT",
                "value": "ARGB_8888"
            },
            "Blue": {
                "type": "FLOAT",
                "value": 0
            },
            "Alpha": {
                "type": "FLOAT",
                "value": 1
            },
            "type": "COLOR",
            "Green": {
                "type": "FLOAT",
                "value": 0
            }
        },
        "GeneratePalette": {
            "type": "BOOLEAN",
            "value": false
        },
        "BitsPerPixel": {
            "type": "INTEGER",
            "value": 4
        },
        "UniquePixelCount": {
            "type": "INTEGER",
            "value": 611
        },
        "MemoryLocation": {
            "type": "MEMORY_LOC",
            "value": "Internal Flash"
        },
        "SizeBytes": {
            "type": "INTEGER",
            "value": 66600
        },
        "MaskEnable": {
            "type": "BOOLEAN",
            "value": false
        },
        "Name": {
            "type": "TEXT",
            "value": "mplabharmonylogo"
        }
    }
}