{
    "images": [
        {
            "id": "{b4c040ed-8504-4051-8512-1e5adc6e5dc7}",
            "name": "home",
            "type": "RGB"
        },
        {
            "id": "{3c120597-2992-4a06-8904-fa40f5103d6e}",
            "name": "oncircle",
            "type": "RGB"
        },
        {
            "id": "{d8381004-7f0e-4abe-89bd-9c75c5fd73aa}",
            "name": "offcircle",
            "type": "RGB"
        },
        {
            "id": "{326e7d36-6c34-453d-8db9-b129414f3239}",
            "name": "tbox",
            "type": "RGB"
        },
        {
            "id": "{f2efcbbc-4c30-4941-9b64-add483e9a4ed}",
            "name": "homeL",
            "type": "RGB"
        },
        {
            "id": "{779d73b9-cf88-431e-bc3f-d23c7ac97833}",
            "name": "n1",
            "type": "RGB"
        },
        {
            "id": "{214ccdc5-3ca6-4037-be23-7071aeec702c}",
            "name": "n2",
            "type": "RGB"
        },
        {
            "id": "{6987ff81-b985-4803-a701-8e69db6dde4b}",
            "name": "n3",
            "type": "RGB"
        }
    ],
    "paths": [
    ]
}
