{
    "bindings": [
        {
            "font": "{14351fb2-087d-4c17-9e87-73742168cc36}",
            "language": "{2f5a8ec9-dbd4-4178-8882-ba8dda6cc8ca}",
            "string": "{1700d608-1607-47f4-af89-110343163811}"
        },
        {
            "font": "{14351fb2-087d-4c17-9e87-73742168cc36}",
            "language": "{2f5a8ec9-dbd4-4178-8882-ba8dda6cc8ca}",
            "string": "{1f32a2d8-daba-4221-93c0-a4fb096dc576}"
        },
        {
            "font": "{14351fb2-087d-4c17-9e87-73742168cc36}",
            "language": "{2f5a8ec9-dbd4-4178-8882-ba8dda6cc8ca}",
            "string": "{2fae725d-f132-44f1-888b-166489f5a7a2}"
        },
        {
            "font": "{14351fb2-087d-4c17-9e87-73742168cc36}",
            "language": "{2f5a8ec9-dbd4-4178-8882-ba8dda6cc8ca}",
            "string": "{384d6570-760a-4597-ae00-872d8b5716f0}"
        },
        {
            "font": "{14351fb2-087d-4c17-9e87-73742168cc36}",
            "language": "{2f5a8ec9-dbd4-4178-8882-ba8dda6cc8ca}",
            "string": "{3d10b4f6-fbb7-4265-a6a9-8214b35e08c8}"
        },
        {
            "font": "{14351fb2-087d-4c17-9e87-73742168cc36}",
            "language": "{2f5a8ec9-dbd4-4178-8882-ba8dda6cc8ca}",
            "string": "{44673e92-ff64-49a9-9626-5e6fda0467ab}"
        },
        {
            "font": "{14351fb2-087d-4c17-9e87-73742168cc36}",
            "language": "{2f5a8ec9-dbd4-4178-8882-ba8dda6cc8ca}",
            "string": "{45423997-2ccd-4230-8116-ba1a8f64ed48}"
        },
        {
            "font": "{14351fb2-087d-4c17-9e87-73742168cc36}",
            "language": "{2f5a8ec9-dbd4-4178-8882-ba8dda6cc8ca}",
            "string": "{4bb2b67d-3b84-4536-beeb-0a93747b2e81}"
        },
        {
            "font": "{14351fb2-087d-4c17-9e87-73742168cc36}",
            "language": "{2f5a8ec9-dbd4-4178-8882-ba8dda6cc8ca}",
            "string": "{873351a8-49e8-402b-a43a-1844c1582a69}"
        },
        {
            "font": "{14351fb2-087d-4c17-9e87-73742168cc36}",
            "language": "{2f5a8ec9-dbd4-4178-8882-ba8dda6cc8ca}",
            "string": "{98b3e651-4ef0-44fc-a0c0-f48e5ea3a584}"
        },
        {
            "font": "{14351fb2-087d-4c17-9e87-73742168cc36}",
            "language": "{2f5a8ec9-dbd4-4178-8882-ba8dda6cc8ca}",
            "string": "{9af84727-c39b-4172-9319-777db9fcee33}"
        },
        {
            "font": "{14351fb2-087d-4c17-9e87-73742168cc36}",
            "language": "{2f5a8ec9-dbd4-4178-8882-ba8dda6cc8ca}",
            "string": "{9ee7298f-c95b-4661-94cf-93d5e03f2f23}"
        },
        {
            "font": "{14351fb2-087d-4c17-9e87-73742168cc36}",
            "language": "{2f5a8ec9-dbd4-4178-8882-ba8dda6cc8ca}",
            "string": "{adceba21-78b3-45d4-84b0-3ad590ef33be}"
        },
        {
            "font": "{14351fb2-087d-4c17-9e87-73742168cc36}",
            "language": "{2f5a8ec9-dbd4-4178-8882-ba8dda6cc8ca}",
            "string": "{e689d257-d8ce-4866-80b1-eefc5999e9fc}"
        },
        {
            "font": "{14351fb2-087d-4c17-9e87-73742168cc36}",
            "language": "{2f5a8ec9-dbd4-4178-8882-ba8dda6cc8ca}",
            "string": "{ec73df9d-9acf-494c-915d-961796950f21}"
        },
        {
            "font": "{4c9aae11-45df-4890-a1b9-c0dbb825cb15}",
            "language": "{2f5a8ec9-dbd4-4178-8882-ba8dda6cc8ca}",
            "string": "{4f8a60b5-0ded-4b3c-a9be-ae535ab25caa}"
        },
        {
            "font": "{4c9aae11-45df-4890-a1b9-c0dbb825cb15}",
            "language": "{2f5a8ec9-dbd4-4178-8882-ba8dda6cc8ca}",
            "string": "{6560f6ec-0c31-4b0c-a9ab-89b7c0162981}"
        },
        {
            "font": "{ad45ae6c-cbb8-482c-b717-aebcce336cd5}",
            "language": "{2f5a8ec9-dbd4-4178-8882-ba8dda6cc8ca}",
            "string": "{31f826e7-e7d6-4833-b6ae-19c3bcbeab65}"
        },
        {
            "font": "{ad45ae6c-cbb8-482c-b717-aebcce336cd5}",
            "language": "{2f5a8ec9-dbd4-4178-8882-ba8dda6cc8ca}",
            "string": "{6205325e-226c-498b-8b52-179953993bf5}"
        },
        {
            "font": "{ad45ae6c-cbb8-482c-b717-aebcce336cd5}",
            "language": "{2f5a8ec9-dbd4-4178-8882-ba8dda6cc8ca}",
            "string": "{663e167f-21d8-47d4-86a6-a4ca68a432e3}"
        },
        {
            "font": "{ad45ae6c-cbb8-482c-b717-aebcce336cd5}",
            "language": "{2f5a8ec9-dbd4-4178-8882-ba8dda6cc8ca}",
            "string": "{9d05a04b-f9f4-4362-96ae-9ef23b6b83fe}"
        },
        {
            "font": "{ad45ae6c-cbb8-482c-b717-aebcce336cd5}",
            "language": "{2f5a8ec9-dbd4-4178-8882-ba8dda6cc8ca}",
            "string": "{a08a674e-e4b2-4989-9e87-19b5653189e9}"
        },
        {
            "font": "{ad45ae6c-cbb8-482c-b717-aebcce336cd5}",
            "language": "{2f5a8ec9-dbd4-4178-8882-ba8dda6cc8ca}",
            "string": "{ebcf7569-2f42-41b2-92f8-2aef4f4afb09}"
        }
    ],
    "defaultLanguage": "{2f5a8ec9-dbd4-4178-8882-ba8dda6cc8ca}",
    "encoding": "ASCII",
    "languages": [
        {
            "properties": {
                "__categories": [
                ],
                "__groups": [
                ],
                "enabled": {
                    "enabled": true,
                    "type": "boolean",
                    "value": true,
                    "visible": true
                },
                "id": {
                    "enabled": true,
                    "type": "uuid",
                    "value": "{2f5a8ec9-dbd4-4178-8882-ba8dda6cc8ca}",
                    "visible": true
                },
                "name": {
                    "enabled": true,
                    "type": "text",
                    "value": "default",
                    "visible": true
                }
            }
        }
    ],
    "paths": [
    ],
    "strings": [
        {
            "properties": {
                "__categories": [
                ],
                "__groups": [
                ],
                "description": {
                    "enabled": true,
                    "type": "text",
                    "value": "",
                    "visible": true
                },
                "id": {
                    "enabled": true,
                    "type": "uuid",
                    "value": "{1700d608-1607-47f4-af89-110343163811}",
                    "visible": true
                },
                "name": {
                    "enabled": true,
                    "type": "text",
                    "value": "NoValidMedium",
                    "visible": true
                },
                "path": {
                    "enabled": true,
                    "type": "text",
                    "value": "/",
                    "visible": true
                }
            },
            "values": [
                {
                    "language": "{2f5a8ec9-dbd4-4178-8882-ba8dda6cc8ca}",
                    "value": "No valid audio source found"
                }
            ]
        },
        {
            "properties": {
                "__categories": [
                ],
                "__groups": [
                ],
                "description": {
                    "enabled": true,
                    "type": "text",
                    "value": "",
                    "visible": true
                },
                "id": {
                    "enabled": true,
                    "type": "uuid",
                    "value": "{1f32a2d8-daba-4221-93c0-a4fb096dc576}",
                    "visible": true
                },
                "name": {
                    "enabled": true,
                    "type": "text",
                    "value": "SelectSource",
                    "visible": true
                },
                "path": {
                    "enabled": true,
                    "type": "text",
                    "value": "/",
                    "visible": true
                }
            },
            "values": [
                {
                    "language": "{2f5a8ec9-dbd4-4178-8882-ba8dda6cc8ca}",
                    "value": "Select source to play Audio"
                }
            ]
        },
        {
            "properties": {
                "__categories": [
                ],
                "__groups": [
                ],
                "description": {
                    "enabled": true,
                    "type": "text",
                    "value": "",
                    "visible": true
                },
                "id": {
                    "enabled": true,
                    "type": "uuid",
                    "value": "{2fae725d-f132-44f1-888b-166489f5a7a2}",
                    "visible": true
                },
                "name": {
                    "enabled": true,
                    "type": "text",
                    "value": "UnknownError",
                    "visible": true
                },
                "path": {
                    "enabled": true,
                    "type": "text",
                    "value": "/",
                    "visible": true
                }
            },
            "values": [
                {
                    "language": "{2f5a8ec9-dbd4-4178-8882-ba8dda6cc8ca}",
                    "value": "An unknown error occured during record decoding."
                }
            ]
        },
        {
            "properties": {
                "__categories": [
                ],
                "__groups": [
                ],
                "description": {
                    "enabled": true,
                    "type": "text",
                    "value": "",
                    "visible": true
                },
                "id": {
                    "enabled": true,
                    "type": "uuid",
                    "value": "{31f826e7-e7d6-4833-b6ae-19c3bcbeab65}",
                    "visible": true
                },
                "name": {
                    "enabled": true,
                    "type": "text",
                    "value": "Title",
                    "visible": true
                },
                "path": {
                    "enabled": true,
                    "type": "text",
                    "value": "/",
                    "visible": true
                }
            },
            "values": [
                {
                    "language": "{2f5a8ec9-dbd4-4178-8882-ba8dda6cc8ca}",
                    "value": "SD Card USB Audio Player using Legato Graphics"
                }
            ]
        },
        {
            "properties": {
                "__categories": [
                ],
                "__groups": [
                ],
                "description": {
                    "enabled": true,
                    "type": "text",
                    "value": "",
                    "visible": true
                },
                "id": {
                    "enabled": true,
                    "type": "uuid",
                    "value": "{384d6570-760a-4597-ae00-872d8b5716f0}",
                    "visible": true
                },
                "name": {
                    "enabled": true,
                    "type": "text",
                    "value": "FileNotFound1",
                    "visible": true
                },
                "path": {
                    "enabled": true,
                    "type": "text",
                    "value": "/",
                    "visible": true
                }
            },
            "values": [
                {
                    "language": "{2f5a8ec9-dbd4-4178-8882-ba8dda6cc8ca}",
                    "value": "The selected medium did not contain 'SQI.hex' in"
                }
            ]
        },
        {
            "properties": {
                "__categories": [
                ],
                "__groups": [
                ],
                "description": {
                    "enabled": true,
                    "type": "text",
                    "value": "",
                    "visible": true
                },
                "id": {
                    "enabled": true,
                    "type": "uuid",
                    "value": "{3d10b4f6-fbb7-4265-a6a9-8214b35e08c8}",
                    "visible": true
                },
                "name": {
                    "enabled": true,
                    "type": "text",
                    "value": "Done",
                    "visible": true
                },
                "path": {
                    "enabled": true,
                    "type": "text",
                    "value": "/",
                    "visible": true
                }
            },
            "values": [
                {
                    "language": "{2f5a8ec9-dbd4-4178-8882-ba8dda6cc8ca}",
                    "value": "Done!"
                }
            ]
        },
        {
            "properties": {
                "__categories": [
                ],
                "__groups": [
                ],
                "description": {
                    "enabled": true,
                    "type": "text",
                    "value": "",
                    "visible": true
                },
                "id": {
                    "enabled": true,
                    "type": "uuid",
                    "value": "{44673e92-ff64-49a9-9626-5e6fda0467ab}",
                    "visible": true
                },
                "name": {
                    "enabled": true,
                    "type": "text",
                    "value": "RecordCount",
                    "visible": true
                },
                "path": {
                    "enabled": true,
                    "type": "text",
                    "value": "/",
                    "visible": true
                }
            },
            "values": [
                {
                    "language": "{2f5a8ec9-dbd4-4178-8882-ba8dda6cc8ca}",
                    "value": ""
                }
            ]
        },
        {
            "properties": {
                "__categories": [
                ],
                "__groups": [
                ],
                "description": {
                    "enabled": true,
                    "type": "text",
                    "value": "",
                    "visible": true
                },
                "id": {
                    "enabled": true,
                    "type": "uuid",
                    "value": "{45423997-2ccd-4230-8116-ba1a8f64ed48}",
                    "visible": true
                },
                "name": {
                    "enabled": true,
                    "type": "text",
                    "value": "Flashing",
                    "visible": true
                },
                "path": {
                    "enabled": true,
                    "type": "text",
                    "value": "/",
                    "visible": true
                }
            },
            "values": [
                {
                    "language": "{2f5a8ec9-dbd4-4178-8882-ba8dda6cc8ca}",
                    "value": "Flashing..."
                }
            ]
        },
        {
            "properties": {
                "__categories": [
                ],
                "__groups": [
                ],
                "description": {
                    "enabled": true,
                    "type": "text",
                    "value": "",
                    "visible": true
                },
                "id": {
                    "enabled": true,
                    "type": "uuid",
                    "value": "{4bb2b67d-3b84-4536-beeb-0a93747b2e81}",
                    "visible": true
                },
                "name": {
                    "enabled": true,
                    "type": "text",
                    "value": "NoValidMedium2",
                    "visible": true
                },
                "path": {
                    "enabled": true,
                    "type": "text",
                    "value": "/",
                    "visible": true
                }
            },
            "values": [
                {
                    "language": "{2f5a8ec9-dbd4-4178-8882-ba8dda6cc8ca}",
                    "value": "Please insert an selected audio source(SD card or Thumb)"
                }
            ]
        },
        {
            "properties": {
                "__categories": [
                ],
                "__groups": [
                ],
                "description": {
                    "enabled": true,
                    "type": "text",
                    "value": "",
                    "visible": true
                },
                "id": {
                    "enabled": true,
                    "type": "uuid",
                    "value": "{4f8a60b5-0ded-4b3c-a9be-ae535ab25caa}",
                    "visible": true
                },
                "name": {
                    "enabled": true,
                    "type": "text",
                    "value": "startstring",
                    "visible": true
                },
                "path": {
                    "enabled": true,
                    "type": "text",
                    "value": "/",
                    "visible": true
                }
            },
            "values": [
                {
                    "language": "{2f5a8ec9-dbd4-4178-8882-ba8dda6cc8ca}",
                    "value": "00:00"
                }
            ]
        },
        {
            "properties": {
                "__categories": [
                ],
                "__groups": [
                ],
                "description": {
                    "enabled": true,
                    "type": "text",
                    "value": "",
                    "visible": true
                },
                "id": {
                    "enabled": true,
                    "type": "uuid",
                    "value": "{6205325e-226c-498b-8b52-179953993bf5}",
                    "visible": true
                },
                "name": {
                    "enabled": true,
                    "type": "text",
                    "value": "Initializing",
                    "visible": true
                },
                "path": {
                    "enabled": true,
                    "type": "text",
                    "value": "/",
                    "visible": true
                }
            },
            "values": [
                {
                    "language": "{2f5a8ec9-dbd4-4178-8882-ba8dda6cc8ca}",
                    "value": "Initializing"
                }
            ]
        },
        {
            "properties": {
                "__categories": [
                ],
                "__groups": [
                ],
                "description": {
                    "enabled": true,
                    "type": "text",
                    "value": "",
                    "visible": true
                },
                "id": {
                    "enabled": true,
                    "type": "uuid",
                    "value": "{6560f6ec-0c31-4b0c-a9ab-89b7c0162981}",
                    "visible": true
                },
                "name": {
                    "enabled": true,
                    "type": "text",
                    "value": "endstring",
                    "visible": true
                },
                "path": {
                    "enabled": true,
                    "type": "text",
                    "value": "/",
                    "visible": true
                }
            },
            "values": [
                {
                    "language": "{2f5a8ec9-dbd4-4178-8882-ba8dda6cc8ca}",
                    "value": "00:00"
                }
            ]
        },
        {
            "properties": {
                "__categories": [
                ],
                "__groups": [
                ],
                "description": {
                    "enabled": true,
                    "type": "text",
                    "value": "",
                    "visible": true
                },
                "id": {
                    "enabled": true,
                    "type": "uuid",
                    "value": "{663e167f-21d8-47d4-86a6-a4ca68a432e3}",
                    "visible": true
                },
                "name": {
                    "enabled": true,
                    "type": "text",
                    "value": "USB",
                    "visible": true
                },
                "path": {
                    "enabled": true,
                    "type": "text",
                    "value": "/",
                    "visible": true
                }
            },
            "values": [
                {
                    "language": "{2f5a8ec9-dbd4-4178-8882-ba8dda6cc8ca}",
                    "value": "USB"
                }
            ]
        },
        {
            "properties": {
                "__categories": [
                ],
                "__groups": [
                ],
                "description": {
                    "enabled": true,
                    "type": "text",
                    "value": "",
                    "visible": true
                },
                "id": {
                    "enabled": true,
                    "type": "uuid",
                    "value": "{873351a8-49e8-402b-a43a-1844c1582a69}",
                    "visible": true
                },
                "name": {
                    "enabled": true,
                    "type": "text",
                    "value": "FileNotFound2",
                    "visible": true
                },
                "path": {
                    "enabled": true,
                    "type": "text",
                    "value": "/",
                    "visible": true
                }
            },
            "values": [
                {
                    "language": "{2f5a8ec9-dbd4-4178-8882-ba8dda6cc8ca}",
                    "value": "the root directory."
                }
            ]
        },
        {
            "properties": {
                "__categories": [
                ],
                "__groups": [
                ],
                "description": {
                    "enabled": true,
                    "type": "text",
                    "value": "",
                    "visible": true
                },
                "id": {
                    "enabled": true,
                    "type": "uuid",
                    "value": "{91e6cf87-6932-4d8b-964c-66dde066439a}",
                    "visible": true
                },
                "name": {
                    "enabled": true,
                    "type": "text",
                    "value": "NoMedium",
                    "visible": true
                },
                "path": {
                    "enabled": true,
                    "type": "text",
                    "value": "/",
                    "visible": true
                }
            },
            "values": [
                {
                    "language": "{2f5a8ec9-dbd4-4178-8882-ba8dda6cc8ca}",
                    "value": "The selected medium was not found."
                }
            ]
        },
        {
            "properties": {
                "__categories": [
                ],
                "__groups": [
                ],
                "description": {
                    "enabled": true,
                    "type": "text",
                    "value": "",
                    "visible": true
                },
                "id": {
                    "enabled": true,
                    "type": "uuid",
                    "value": "{98b3e651-4ef0-44fc-a0c0-f48e5ea3a584}",
                    "visible": true
                },
                "name": {
                    "enabled": true,
                    "type": "text",
                    "value": "Of",
                    "visible": true
                },
                "path": {
                    "enabled": true,
                    "type": "text",
                    "value": "/",
                    "visible": true
                }
            },
            "values": [
                {
                    "language": "{2f5a8ec9-dbd4-4178-8882-ba8dda6cc8ca}",
                    "value": "of"
                }
            ]
        },
        {
            "properties": {
                "__categories": [
                ],
                "__groups": [
                ],
                "description": {
                    "enabled": true,
                    "type": "text",
                    "value": "",
                    "visible": true
                },
                "id": {
                    "enabled": true,
                    "type": "uuid",
                    "value": "{9af84727-c39b-4172-9319-777db9fcee33}",
                    "visible": true
                },
                "name": {
                    "enabled": true,
                    "type": "text",
                    "value": "Numbers",
                    "visible": true
                },
                "path": {
                    "enabled": true,
                    "type": "text",
                    "value": "/",
                    "visible": true
                }
            },
            "values": [
                {
                    "language": "{2f5a8ec9-dbd4-4178-8882-ba8dda6cc8ca}",
                    "value": "0123456789"
                }
            ]
        },
        {
            "properties": {
                "__categories": [
                ],
                "__groups": [
                ],
                "description": {
                    "enabled": true,
                    "type": "text",
                    "value": "",
                    "visible": true
                },
                "id": {
                    "enabled": true,
                    "type": "uuid",
                    "value": "{9d05a04b-f9f4-4362-96ae-9ef23b6b83fe}",
                    "visible": true
                },
                "name": {
                    "enabled": true,
                    "type": "text",
                    "value": "Musicplayertitle",
                    "visible": true
                },
                "path": {
                    "enabled": true,
                    "type": "text",
                    "value": "/",
                    "visible": true
                }
            },
            "values": [
                {
                    "language": "{2f5a8ec9-dbd4-4178-8882-ba8dda6cc8ca}",
                    "value": "SD Card USB Audio Player"
                }
            ]
        },
        {
            "properties": {
                "__categories": [
                ],
                "__groups": [
                ],
                "description": {
                    "enabled": true,
                    "type": "text",
                    "value": "",
                    "visible": true
                },
                "id": {
                    "enabled": true,
                    "type": "uuid",
                    "value": "{9ee7298f-c95b-4661-94cf-93d5e03f2f23}",
                    "visible": true
                },
                "name": {
                    "enabled": true,
                    "type": "text",
                    "value": "stringNumberFiller",
                    "visible": true
                },
                "path": {
                    "enabled": true,
                    "type": "text",
                    "value": "/",
                    "visible": true
                }
            },
            "values": [
                {
                    "language": "{2f5a8ec9-dbd4-4178-8882-ba8dda6cc8ca}",
                    "value": "99999999"
                }
            ]
        },
        {
            "properties": {
                "__categories": [
                ],
                "__groups": [
                ],
                "description": {
                    "enabled": true,
                    "type": "text",
                    "value": "",
                    "visible": true
                },
                "id": {
                    "enabled": true,
                    "type": "uuid",
                    "value": "{a08a674e-e4b2-4989-9e87-19b5653189e9}",
                    "visible": true
                },
                "name": {
                    "enabled": true,
                    "type": "text",
                    "value": "Ok",
                    "visible": true
                },
                "path": {
                    "enabled": true,
                    "type": "text",
                    "value": "/",
                    "visible": true
                }
            },
            "values": [
                {
                    "language": "{2f5a8ec9-dbd4-4178-8882-ba8dda6cc8ca}",
                    "value": "Ok"
                }
            ]
        },
        {
            "properties": {
                "__categories": [
                ],
                "__groups": [
                ],
                "description": {
                    "enabled": true,
                    "type": "text",
                    "value": "",
                    "visible": true
                },
                "id": {
                    "enabled": true,
                    "type": "uuid",
                    "value": "{adceba21-78b3-45d4-84b0-3ad590ef33be}",
                    "visible": true
                },
                "name": {
                    "enabled": true,
                    "type": "text",
                    "value": "zFileNotFound",
                    "visible": true
                },
                "path": {
                    "enabled": true,
                    "type": "text",
                    "value": "/",
                    "visible": true
                }
            },
            "values": [
                {
                    "language": "{2f5a8ec9-dbd4-4178-8882-ba8dda6cc8ca}",
                    "value": "No Tracks Found!!"
                }
            ]
        },
        {
            "properties": {
                "__categories": [
                ],
                "__groups": [
                ],
                "description": {
                    "enabled": true,
                    "type": "text",
                    "value": "",
                    "visible": true
                },
                "id": {
                    "enabled": true,
                    "type": "uuid",
                    "value": "{e689d257-d8ce-4866-80b1-eefc5999e9fc}",
                    "visible": true
                },
                "name": {
                    "enabled": true,
                    "type": "text",
                    "value": "FlashingComplete",
                    "visible": true
                },
                "path": {
                    "enabled": true,
                    "type": "text",
                    "value": "/",
                    "visible": true
                }
            },
            "values": [
                {
                    "language": "{2f5a8ec9-dbd4-4178-8882-ba8dda6cc8ca}",
                    "value": "Flashing complete!"
                }
            ]
        },
        {
            "properties": {
                "__categories": [
                ],
                "__groups": [
                ],
                "description": {
                    "enabled": true,
                    "type": "text",
                    "value": "",
                    "visible": true
                },
                "id": {
                    "enabled": true,
                    "type": "uuid",
                    "value": "{ebcf7569-2f42-41b2-92f8-2aef4f4afb09}",
                    "visible": true
                },
                "name": {
                    "enabled": true,
                    "type": "text",
                    "value": "SDCard",
                    "visible": true
                },
                "path": {
                    "enabled": true,
                    "type": "text",
                    "value": "/",
                    "visible": true
                }
            },
            "values": [
                {
                    "language": "{2f5a8ec9-dbd4-4178-8882-ba8dda6cc8ca}",
                    "value": "SD Card"
                }
            ]
        },
        {
            "properties": {
                "__categories": [
                ],
                "__groups": [
                ],
                "description": {
                    "enabled": true,
                    "type": "text",
                    "value": "",
                    "visible": true
                },
                "id": {
                    "enabled": true,
                    "type": "uuid",
                    "value": "{ec73df9d-9acf-494c-915d-961796950f21}",
                    "visible": true
                },
                "name": {
                    "enabled": true,
                    "type": "text",
                    "value": "InvalidFile",
                    "visible": true
                },
                "path": {
                    "enabled": true,
                    "type": "text",
                    "value": "/",
                    "visible": true
                }
            },
            "values": [
                {
                    "language": "{2f5a8ec9-dbd4-4178-8882-ba8dda6cc8ca}",
                    "value": "The image file is not valid."
                }
            ]
        }
    ]
}
