{
    "sourceFileName": "Converted-135447-1586215954-M19899-medical-clear.png",
    "sourceFileFormat": "Raw",
    "folder": "/",
    "operations": [{
        "newSize": {
            "width": 40,
            "height": 38
        },
        "type": "Resize",
        "oldSize": {
            "width": 80,
            "height": 76
        }
    }],
    "sourceFileWidth": 80,
    "sourceFileHeight": 76,
    "imageType": "Raw",
    "properties": {
        "OutputSize": {
            "Height": {
                "type": "INTEGER",
                "value": 38
            },
            "Width": {
                "type": "INTEGER",
                "value": 40
            }
        },
        "OutputMode": {
            "type": "TEXT",
            "value": "RGB_565"
        },
        "ImportSize": {
            "Height": {
                "type": "INTEGER",
                "value": 76
            },
            "Width": {
                "type": "INTEGER",
                "value": 80
            }
        },
        "OutputFormat": {
            "type": "TEXT",
            "value": "Raw"
        },
        "MaskColor": {
            "Red": {
                "type": "FLOAT",
                "value": 0
            },
            "Gray": {
                "type": "FLOAT",
                "value": 0
            },
            "OutputMode": {
                "type": "TEXT",
                "value": "RGB_565"
            },
            "Blue": {
                "type": "FLOAT",
                "value": 0
            },
            "Alpha": {
                "type": "FLOAT",
                "value": 1
            },
            "type": "COLOR",
            "Green": {
                "type": "FLOAT",
                "value": 0
            }
        },
        "GeneratePalette": {
            "type": "BOOLEAN",
            "value": true
        },
        "BitsPerPixel": {
            "type": "INTEGER",
            "value": 2
        },
        "UniquePixelCount": {
            "type": "INTEGER",
            "value": 10
        },
        "MemoryLocation": {
            "type": "MEMORY_LOC",
            "value": "Internal Flash"
        },
        "SizeBytes": {
            "type": "INTEGER",
            "value": 760
        },
        "MaskEnable": {
            "type": "BOOLEAN",
            "value": true
        },
        "Name": {
            "type": "TEXT",
            "value": "Converted_135447_1586215954_M19899_medical_clear"
        }
    }
}