{
    "sourceFileName": "play_pause_music.png",
    "sourceFileFormat": "Raw",
    "folder": "/",
    "operations": [{
        "newSize": {
            "width": 83,
            "height": 71
        },
        "type": "Resize",
        "oldSize": {
            "width": 192,
            "height": 144
        }
    }],
    "sourceFileWidth": 192,
    "sourceFileHeight": 144,
    "imageType": "Raw",
    "properties": {
        "OutputSize": {
            "Height": {
                "type": "INTEGER",
                "value": 71
            },
            "Width": {
                "type": "INTEGER",
                "value": 83
            }
        },
        "OutputMode": {
            "type": "TEXT",
            "value": "ARGB_8888"
        },
        "ImportSize": {
            "Height": {
                "type": "INTEGER",
                "value": 144
            },
            "Width": {
                "type": "INTEGER",
                "value": 192
            }
        },
        "OutputFormat": {
            "type": "TEXT",
            "value": "Raw"
        },
        "MaskColor": {
            "Red": {
                "type": "FLOAT",
                "value": 0
            },
            "Gray": {
                "type": "FLOAT",
                "value": 0
            },
            "OutputMode": {
                "type": "TEXT",
                "value": "ARGB_8888"
            },
            "Blue": {
                "type": "FLOAT",
                "value": 0
            },
            "Alpha": {
                "type": "FLOAT",
                "value": 1
            },
            "type": "COLOR",
            "Green": {
                "type": "FLOAT",
                "value": 0
            }
        },
        "GeneratePalette": {
            "type": "BOOLEAN",
            "value": false
        },
        "BitsPerPixel": {
            "type": "INTEGER",
            "value": 4
        },
        "UniquePixelCount": {
            "type": "INTEGER",
            "value": 311
        },
        "MemoryLocation": {
            "type": "MEMORY_LOC",
            "value": "Internal Flash"
        },
        "SizeBytes": {
            "type": "INTEGER",
            "value": 23572
        },
        "MaskEnable": {
            "type": "BOOLEAN",
            "value": false
        },
        "Name": {
            "type": "TEXT",
            "value": "play_pause_music"
        }
    }
}