{
    "name": "NotoMono_Regular",
    "properties": {
        "Antialias": {
            "type": "BOOLEAN",
            "value": false
        },
        "Size": {
            "type": "INTEGER",
            "value": 11
        },
        "SourceName": {
            "type": "TEXT",
            "value": "NotoMono-Regular.ttf"
        },
        "MemoryLocation": {
            "type": "MEMORY_LOC",
            "value": "Internal Flash"
        },
        "Name": {
            "type": "TEXT",
            "value": "NotoMono_Regular"
        }
    }
}