{
    "images": [
        {
            "id": "{cdedb7a9-597a-433d-9d1e-4e2d0bbc3e74}",
            "name": "oled_c",
            "type": "RGB"
        },
        {
            "id": "{42534f62-9a5c-4675-bc04-6dfdde280b74}",
            "name": "logo_small",
            "type": "RGB"
        },
        {
            "id": "{55e9127b-eb12-4764-af65-d4b8c22b6dd9}",
            "name": "logo",
            "type": "RGB"
        },
        {
            "id": "{3bda5c81-bcac-4581-a820-2493a49ca8b2}",
            "name": "nonsecure",
            "type": "RGB"
        },
        {
            "id": "{b83219c7-2f96-4574-9a70-fd11c96d9c39}",
            "name": "secure",
            "type": "RGB"
        },
        {
            "id": "{f7057736-db0a-443a-b2fb-092fbe34e5d5}",
            "name": "S",
            "type": "RGB"
        },
        {
            "id": "{1c666615-3cfd-461d-af01-e11b09f189a6}",
            "name": "NS",
            "type": "RGB"
        }
    ],
    "paths": [
    ]
}
