{
    "fonts": [
        {
            "id": "{ad45ae6c-cbb8-482c-b717-aebcce336cd5}",
            "name": "Arial"
        },
        {
            "id": "{14351fb2-087d-4c17-9e87-73742168cc36}",
            "name": "Arial_sm"
        },
        {
            "id": "{6cceba9a-72b8-4020-9c58-677f8717edd7}",
            "name": "NotoMono_Regular"
        },
        {
            "id": "{4c9aae11-45df-4890-a1b9-c0dbb825cb15}",
            "name": "Arial_black_vsm"
        }
    ],
    "paths": [
    ]
}
