{
    "bindings": [
        {
            "font": "{353b9290-b06b-4fbc-820d-02339be3e6e1}",
            "language": "{f90ed273-9a2b-44a2-ac8e-ed6b78d9d34c}",
            "string": "{039d7cad-7059-49f1-92b1-5d8dacc408c5}"
        },
        {
            "font": "{353b9290-b06b-4fbc-820d-02339be3e6e1}",
            "language": "{f90ed273-9a2b-44a2-ac8e-ed6b78d9d34c}",
            "string": "{19c75db9-bd52-41dc-9510-e73ff746058d}"
        },
        {
            "font": "{353b9290-b06b-4fbc-820d-02339be3e6e1}",
            "language": "{f90ed273-9a2b-44a2-ac8e-ed6b78d9d34c}",
            "string": "{21f25067-393c-4b74-8770-c18daace2f6c}"
        },
        {
            "font": "{353b9290-b06b-4fbc-820d-02339be3e6e1}",
            "language": "{f90ed273-9a2b-44a2-ac8e-ed6b78d9d34c}",
            "string": "{2e9972f2-39c9-426e-9002-009fec29818b}"
        },
        {
            "font": "{353b9290-b06b-4fbc-820d-02339be3e6e1}",
            "language": "{f90ed273-9a2b-44a2-ac8e-ed6b78d9d34c}",
            "string": "{43a91b8d-8247-4dc8-a037-2831422b4139}"
        },
        {
            "font": "{57c77075-8490-4a03-9f7d-97e72a08fafc}",
            "language": "{f90ed273-9a2b-44a2-ac8e-ed6b78d9d34c}",
            "string": "{49b84394-cc95-4b61-a15d-c61521ed2c6c}"
        },
        {
            "font": "{353b9290-b06b-4fbc-820d-02339be3e6e1}",
            "language": "{f90ed273-9a2b-44a2-ac8e-ed6b78d9d34c}",
            "string": "{51d71c4e-39c0-42e4-8779-fc2db509e4f9}"
        },
        {
            "font": "{353b9290-b06b-4fbc-820d-02339be3e6e1}",
            "language": "{f90ed273-9a2b-44a2-ac8e-ed6b78d9d34c}",
            "string": "{51e4c6db-7632-4149-931d-21f553941f63}"
        },
        {
            "font": "{353b9290-b06b-4fbc-820d-02339be3e6e1}",
            "language": "{f90ed273-9a2b-44a2-ac8e-ed6b78d9d34c}",
            "string": "{73a64db0-9335-4b31-81ae-1ea7cd253af0}"
        },
        {
            "font": "{353b9290-b06b-4fbc-820d-02339be3e6e1}",
            "language": "{f90ed273-9a2b-44a2-ac8e-ed6b78d9d34c}",
            "string": "{75a22881-0d9b-476c-a090-01caee982efb}"
        },
        {
            "font": "{57c77075-8490-4a03-9f7d-97e72a08fafc}",
            "language": "{f90ed273-9a2b-44a2-ac8e-ed6b78d9d34c}",
            "string": "{8d5ddb53-418c-4b42-87cb-a7cce744726b}"
        },
        {
            "font": "{353b9290-b06b-4fbc-820d-02339be3e6e1}",
            "language": "{f90ed273-9a2b-44a2-ac8e-ed6b78d9d34c}",
            "string": "{9871f31f-e17b-4655-b624-f5d052388882}"
        },
        {
            "font": "{57c77075-8490-4a03-9f7d-97e72a08fafc}",
            "language": "{f90ed273-9a2b-44a2-ac8e-ed6b78d9d34c}",
            "string": "{9ad6fd6c-19c6-4eed-b45b-a1f7fad53d77}"
        },
        {
            "font": "{353b9290-b06b-4fbc-820d-02339be3e6e1}",
            "language": "{f90ed273-9a2b-44a2-ac8e-ed6b78d9d34c}",
            "string": "{a00c1c17-0b9a-45e1-8944-772697ce01ef}"
        },
        {
            "font": "{8fd8e288-2a23-484e-ac8a-abf419d26a12}",
            "language": "{f90ed273-9a2b-44a2-ac8e-ed6b78d9d34c}",
            "string": "{a05924fc-f0c3-4414-8ef2-aaa30abef40c}"
        },
        {
            "font": "{57c77075-8490-4a03-9f7d-97e72a08fafc}",
            "language": "{f90ed273-9a2b-44a2-ac8e-ed6b78d9d34c}",
            "string": "{a10b301e-b83d-4b02-bf4a-b254d08e3bf7}"
        },
        {
            "font": "{353b9290-b06b-4fbc-820d-02339be3e6e1}",
            "language": "{f90ed273-9a2b-44a2-ac8e-ed6b78d9d34c}",
            "string": "{ac57a85a-a12c-48a5-b368-2c542666fe71}"
        },
        {
            "font": "{57c77075-8490-4a03-9f7d-97e72a08fafc}",
            "language": "{f90ed273-9a2b-44a2-ac8e-ed6b78d9d34c}",
            "string": "{b5acab9c-efc9-47ed-b1ca-600616c9623c}"
        },
        {
            "font": "{353b9290-b06b-4fbc-820d-02339be3e6e1}",
            "language": "{f90ed273-9a2b-44a2-ac8e-ed6b78d9d34c}",
            "string": "{b7509b00-5092-4f81-b39f-093eeb415af8}"
        },
        {
            "font": "{57c77075-8490-4a03-9f7d-97e72a08fafc}",
            "language": "{f90ed273-9a2b-44a2-ac8e-ed6b78d9d34c}",
            "string": "{c1ddd4b8-20ba-46bc-bfff-f0832fd8f729}"
        },
        {
            "font": "{353b9290-b06b-4fbc-820d-02339be3e6e1}",
            "language": "{f90ed273-9a2b-44a2-ac8e-ed6b78d9d34c}",
            "string": "{dc77191a-ad2d-4fad-97b5-303a2438a3e4}"
        },
        {
            "font": "{353b9290-b06b-4fbc-820d-02339be3e6e1}",
            "language": "{f90ed273-9a2b-44a2-ac8e-ed6b78d9d34c}",
            "string": "{e6ae2d54-b8cc-4850-a5b5-383245ea89e3}"
        },
        {
            "font": "{8fd8e288-2a23-484e-ac8a-abf419d26a12}",
            "language": "{f90ed273-9a2b-44a2-ac8e-ed6b78d9d34c}",
            "string": "{36696517-c9e1-4805-a54f-9ed62284fd97}"
        }
    ],
    "defaultLanguage": "{f90ed273-9a2b-44a2-ac8e-ed6b78d9d34c}",
    "encoding": "ASCII",
    "languages": [
        {
            "properties": {
                "__categories": [
                ],
                "__groups": [
                ],
                "enabled": {
                    "enabled": true,
                    "type": "boolean",
                    "value": true,
                    "visible": true
                },
                "id": {
                    "enabled": true,
                    "type": "uuid",
                    "value": "{f90ed273-9a2b-44a2-ac8e-ed6b78d9d34c}",
                    "visible": true
                },
                "name": {
                    "enabled": true,
                    "type": "text",
                    "value": "default",
                    "visible": true
                }
            }
        }
    ],
    "paths": [
    ],
    "strings": [
        {
            "properties": {
                "__categories": [
                ],
                "__groups": [
                ],
                "description": {
                    "enabled": true,
                    "type": "text",
                    "value": "",
                    "visible": true
                },
                "id": {
                    "enabled": true,
                    "type": "uuid",
                    "value": "{039d7cad-7059-49f1-92b1-5d8dacc408c5}",
                    "visible": true
                },
                "name": {
                    "enabled": true,
                    "type": "text",
                    "value": "Of",
                    "visible": true
                },
                "path": {
                    "enabled": true,
                    "type": "text",
                    "value": "/",
                    "visible": true
                }
            },
            "values": [
                {
                    "language": "{f90ed273-9a2b-44a2-ac8e-ed6b78d9d34c}",
                    "value": "of"
                }
            ]
        },
        {
            "properties": {
                "__categories": [
                ],
                "__groups": [
                ],
                "description": {
                    "enabled": true,
                    "type": "text",
                    "value": "",
                    "visible": true
                },
                "id": {
                    "enabled": true,
                    "type": "uuid",
                    "value": "{1582e891-1417-4385-bc93-d9b7ee431474}",
                    "visible": true
                },
                "name": {
                    "enabled": true,
                    "type": "text",
                    "value": "NoMedium",
                    "visible": true
                },
                "path": {
                    "enabled": true,
                    "type": "text",
                    "value": "/",
                    "visible": true
                }
            },
            "values": [
                {
                    "language": "{f90ed273-9a2b-44a2-ac8e-ed6b78d9d34c}",
                    "value": "The selected medium was not found."
                }
            ]
        },
        {
            "properties": {
                "__categories": [
                ],
                "__groups": [
                ],
                "description": {
                    "enabled": true,
                    "type": "text",
                    "value": "",
                    "visible": true
                },
                "id": {
                    "enabled": true,
                    "type": "uuid",
                    "value": "{19c75db9-bd52-41dc-9510-e73ff746058d}",
                    "visible": true
                },
                "name": {
                    "enabled": true,
                    "type": "text",
                    "value": "zFileNotFound",
                    "visible": true
                },
                "path": {
                    "enabled": true,
                    "type": "text",
                    "value": "/",
                    "visible": true
                }
            },
            "values": [
                {
                    "language": "{f90ed273-9a2b-44a2-ac8e-ed6b78d9d34c}",
                    "value": "No Tracks Found!!"
                }
            ]
        },
        {
            "properties": {
                "__categories": [
                ],
                "__groups": [
                ],
                "description": {
                    "enabled": true,
                    "type": "text",
                    "value": "",
                    "visible": true
                },
                "id": {
                    "enabled": true,
                    "type": "uuid",
                    "value": "{21f25067-393c-4b74-8770-c18daace2f6c}",
                    "visible": true
                },
                "name": {
                    "enabled": true,
                    "type": "text",
                    "value": "SelectSource",
                    "visible": true
                },
                "path": {
                    "enabled": true,
                    "type": "text",
                    "value": "/",
                    "visible": true
                }
            },
            "values": [
                {
                    "language": "{f90ed273-9a2b-44a2-ac8e-ed6b78d9d34c}",
                    "value": "Select source to play Audio"
                }
            ]
        },
        {
            "properties": {
                "__categories": [
                ],
                "__groups": [
                ],
                "description": {
                    "enabled": true,
                    "type": "text",
                    "value": "",
                    "visible": true
                },
                "id": {
                    "enabled": true,
                    "type": "uuid",
                    "value": "{2e9972f2-39c9-426e-9002-009fec29818b}",
                    "visible": true
                },
                "name": {
                    "enabled": true,
                    "type": "text",
                    "value": "FlashingComplete",
                    "visible": true
                },
                "path": {
                    "enabled": true,
                    "type": "text",
                    "value": "/",
                    "visible": true
                }
            },
            "values": [
                {
                    "language": "{f90ed273-9a2b-44a2-ac8e-ed6b78d9d34c}",
                    "value": "Flashing complete!"
                }
            ]
        },
        {
            "properties": {
                "__categories": [
                ],
                "__groups": [
                ],
                "description": {
                    "enabled": true,
                    "type": "text",
                    "value": "",
                    "visible": true
                },
                "id": {
                    "enabled": true,
                    "type": "uuid",
                    "value": "{36696517-c9e1-4805-a54f-9ed62284fd97}",
                    "visible": true
                },
                "name": {
                    "enabled": true,
                    "type": "text",
                    "value": "endstring",
                    "visible": true
                },
                "path": {
                    "enabled": true,
                    "type": "text",
                    "value": "/",
                    "visible": true
                }
            },
            "values": [
                {
                    "language": "{f90ed273-9a2b-44a2-ac8e-ed6b78d9d34c}",
                    "value": "00:00"
                }
            ]
        },
        {
            "properties": {
                "__categories": [
                ],
                "__groups": [
                ],
                "description": {
                    "enabled": true,
                    "type": "text",
                    "value": "",
                    "visible": true
                },
                "id": {
                    "enabled": true,
                    "type": "uuid",
                    "value": "{43a91b8d-8247-4dc8-a037-2831422b4139}",
                    "visible": true
                },
                "name": {
                    "enabled": true,
                    "type": "text",
                    "value": "Numbers",
                    "visible": true
                },
                "path": {
                    "enabled": true,
                    "type": "text",
                    "value": "/",
                    "visible": true
                }
            },
            "values": [
                {
                    "language": "{f90ed273-9a2b-44a2-ac8e-ed6b78d9d34c}",
                    "value": "0123456789"
                }
            ]
        },
        {
            "properties": {
                "__categories": [
                ],
                "__groups": [
                ],
                "description": {
                    "enabled": true,
                    "type": "text",
                    "value": "",
                    "visible": true
                },
                "id": {
                    "enabled": true,
                    "type": "uuid",
                    "value": "{49b84394-cc95-4b61-a15d-c61521ed2c6c}",
                    "visible": true
                },
                "name": {
                    "enabled": true,
                    "type": "text",
                    "value": "Ok",
                    "visible": true
                },
                "path": {
                    "enabled": true,
                    "type": "text",
                    "value": "/",
                    "visible": true
                }
            },
            "values": [
                {
                    "language": "{f90ed273-9a2b-44a2-ac8e-ed6b78d9d34c}",
                    "value": "Ok"
                }
            ]
        },
        {
            "properties": {
                "__categories": [
                ],
                "__groups": [
                ],
                "description": {
                    "enabled": true,
                    "type": "text",
                    "value": "",
                    "visible": true
                },
                "id": {
                    "enabled": true,
                    "type": "uuid",
                    "value": "{51d71c4e-39c0-42e4-8779-fc2db509e4f9}",
                    "visible": true
                },
                "name": {
                    "enabled": true,
                    "type": "text",
                    "value": "FileNotFound1",
                    "visible": true
                },
                "path": {
                    "enabled": true,
                    "type": "text",
                    "value": "/",
                    "visible": true
                }
            },
            "values": [
                {
                    "language": "{f90ed273-9a2b-44a2-ac8e-ed6b78d9d34c}",
                    "value": "The selected medium did not contain 'SQI.hex' in"
                }
            ]
        },
        {
            "properties": {
                "__categories": [
                ],
                "__groups": [
                ],
                "description": {
                    "enabled": true,
                    "type": "text",
                    "value": "",
                    "visible": true
                },
                "id": {
                    "enabled": true,
                    "type": "uuid",
                    "value": "{51e4c6db-7632-4149-931d-21f553941f63}",
                    "visible": true
                },
                "name": {
                    "enabled": true,
                    "type": "text",
                    "value": "stringNumberFiller",
                    "visible": true
                },
                "path": {
                    "enabled": true,
                    "type": "text",
                    "value": "/",
                    "visible": true
                }
            },
            "values": [
                {
                    "language": "{f90ed273-9a2b-44a2-ac8e-ed6b78d9d34c}",
                    "value": "99999999"
                }
            ]
        },
        {
            "properties": {
                "__categories": [
                ],
                "__groups": [
                ],
                "description": {
                    "enabled": true,
                    "type": "text",
                    "value": "",
                    "visible": true
                },
                "id": {
                    "enabled": true,
                    "type": "uuid",
                    "value": "{73a64db0-9335-4b31-81ae-1ea7cd253af0}",
                    "visible": true
                },
                "name": {
                    "enabled": true,
                    "type": "text",
                    "value": "RecordCount",
                    "visible": true
                },
                "path": {
                    "enabled": true,
                    "type": "text",
                    "value": "/",
                    "visible": true
                }
            },
            "values": [
                {
                    "language": "{f90ed273-9a2b-44a2-ac8e-ed6b78d9d34c}",
                    "value": ""
                }
            ]
        },
        {
            "properties": {
                "__categories": [
                ],
                "__groups": [
                ],
                "description": {
                    "enabled": true,
                    "type": "text",
                    "value": "",
                    "visible": true
                },
                "id": {
                    "enabled": true,
                    "type": "uuid",
                    "value": "{75a22881-0d9b-476c-a090-01caee982efb}",
                    "visible": true
                },
                "name": {
                    "enabled": true,
                    "type": "text",
                    "value": "Flashing",
                    "visible": true
                },
                "path": {
                    "enabled": true,
                    "type": "text",
                    "value": "/",
                    "visible": true
                }
            },
            "values": [
                {
                    "language": "{f90ed273-9a2b-44a2-ac8e-ed6b78d9d34c}",
                    "value": "Flashing..."
                }
            ]
        },
        {
            "properties": {
                "__categories": [
                ],
                "__groups": [
                ],
                "description": {
                    "enabled": true,
                    "type": "text",
                    "value": "",
                    "visible": true
                },
                "id": {
                    "enabled": true,
                    "type": "uuid",
                    "value": "{8d5ddb53-418c-4b42-87cb-a7cce744726b}",
                    "visible": true
                },
                "name": {
                    "enabled": true,
                    "type": "text",
                    "value": "Musicplayertitle",
                    "visible": true
                },
                "path": {
                    "enabled": true,
                    "type": "text",
                    "value": "/",
                    "visible": true
                }
            },
            "values": [
                {
                    "language": "{f90ed273-9a2b-44a2-ac8e-ed6b78d9d34c}",
                    "value": "SD Card USB Audio Player"
                }
            ]
        },
        {
            "properties": {
                "__categories": [
                ],
                "__groups": [
                ],
                "description": {
                    "enabled": true,
                    "type": "text",
                    "value": "",
                    "visible": true
                },
                "id": {
                    "enabled": true,
                    "type": "uuid",
                    "value": "{9871f31f-e17b-4655-b624-f5d052388882}",
                    "visible": true
                },
                "name": {
                    "enabled": true,
                    "type": "text",
                    "value": "NoValidMedium2",
                    "visible": true
                },
                "path": {
                    "enabled": true,
                    "type": "text",
                    "value": "/",
                    "visible": true
                }
            },
            "values": [
                {
                    "language": "{f90ed273-9a2b-44a2-ac8e-ed6b78d9d34c}",
                    "value": "Please insert an selected audio source(SD card or Thumb)"
                }
            ]
        },
        {
            "properties": {
                "__categories": [
                ],
                "__groups": [
                ],
                "description": {
                    "enabled": true,
                    "type": "text",
                    "value": "",
                    "visible": true
                },
                "id": {
                    "enabled": true,
                    "type": "uuid",
                    "value": "{9ad6fd6c-19c6-4eed-b45b-a1f7fad53d77}",
                    "visible": true
                },
                "name": {
                    "enabled": true,
                    "type": "text",
                    "value": "USB",
                    "visible": true
                },
                "path": {
                    "enabled": true,
                    "type": "text",
                    "value": "/",
                    "visible": true
                }
            },
            "values": [
                {
                    "language": "{f90ed273-9a2b-44a2-ac8e-ed6b78d9d34c}",
                    "value": "USB"
                }
            ]
        },
        {
            "properties": {
                "__categories": [
                ],
                "__groups": [
                ],
                "description": {
                    "enabled": true,
                    "type": "text",
                    "value": "",
                    "visible": true
                },
                "id": {
                    "enabled": true,
                    "type": "uuid",
                    "value": "{a00c1c17-0b9a-45e1-8944-772697ce01ef}",
                    "visible": true
                },
                "name": {
                    "enabled": true,
                    "type": "text",
                    "value": "Done",
                    "visible": true
                },
                "path": {
                    "enabled": true,
                    "type": "text",
                    "value": "/",
                    "visible": true
                }
            },
            "values": [
                {
                    "language": "{f90ed273-9a2b-44a2-ac8e-ed6b78d9d34c}",
                    "value": "Done!"
                }
            ]
        },
        {
            "properties": {
                "__categories": [
                ],
                "__groups": [
                ],
                "description": {
                    "enabled": true,
                    "type": "text",
                    "value": "",
                    "visible": true
                },
                "id": {
                    "enabled": true,
                    "type": "uuid",
                    "value": "{a05924fc-f0c3-4414-8ef2-aaa30abef40c}",
                    "visible": true
                },
                "name": {
                    "enabled": true,
                    "type": "text",
                    "value": "startstring",
                    "visible": true
                },
                "path": {
                    "enabled": true,
                    "type": "text",
                    "value": "/",
                    "visible": true
                }
            },
            "values": [
                {
                    "language": "{f90ed273-9a2b-44a2-ac8e-ed6b78d9d34c}",
                    "value": "00:00"
                }
            ]
        },
        {
            "properties": {
                "__categories": [
                ],
                "__groups": [
                ],
                "description": {
                    "enabled": true,
                    "type": "text",
                    "value": "",
                    "visible": true
                },
                "id": {
                    "enabled": true,
                    "type": "uuid",
                    "value": "{a10b301e-b83d-4b02-bf4a-b254d08e3bf7}",
                    "visible": true
                },
                "name": {
                    "enabled": true,
                    "type": "text",
                    "value": "Title",
                    "visible": true
                },
                "path": {
                    "enabled": true,
                    "type": "text",
                    "value": "/",
                    "visible": true
                }
            },
            "values": [
                {
                    "language": "{f90ed273-9a2b-44a2-ac8e-ed6b78d9d34c}",
                    "value": "SD Card USB Audio Player using Legato Graphics"
                }
            ]
        },
        {
            "properties": {
                "__categories": [
                ],
                "__groups": [
                ],
                "description": {
                    "enabled": true,
                    "type": "text",
                    "value": "",
                    "visible": true
                },
                "id": {
                    "enabled": true,
                    "type": "uuid",
                    "value": "{ac57a85a-a12c-48a5-b368-2c542666fe71}",
                    "visible": true
                },
                "name": {
                    "enabled": true,
                    "type": "text",
                    "value": "FileNotFound2",
                    "visible": true
                },
                "path": {
                    "enabled": true,
                    "type": "text",
                    "value": "/",
                    "visible": true
                }
            },
            "values": [
                {
                    "language": "{f90ed273-9a2b-44a2-ac8e-ed6b78d9d34c}",
                    "value": "the root directory."
                }
            ]
        },
        {
            "properties": {
                "__categories": [
                ],
                "__groups": [
                ],
                "description": {
                    "enabled": true,
                    "type": "text",
                    "value": "",
                    "visible": true
                },
                "id": {
                    "enabled": true,
                    "type": "uuid",
                    "value": "{b5acab9c-efc9-47ed-b1ca-600616c9623c}",
                    "visible": true
                },
                "name": {
                    "enabled": true,
                    "type": "text",
                    "value": "SDCard",
                    "visible": true
                },
                "path": {
                    "enabled": true,
                    "type": "text",
                    "value": "/",
                    "visible": true
                }
            },
            "values": [
                {
                    "language": "{f90ed273-9a2b-44a2-ac8e-ed6b78d9d34c}",
                    "value": "SD Card"
                }
            ]
        },
        {
            "properties": {
                "__categories": [
                ],
                "__groups": [
                ],
                "description": {
                    "enabled": true,
                    "type": "text",
                    "value": "",
                    "visible": true
                },
                "id": {
                    "enabled": true,
                    "type": "uuid",
                    "value": "{b7509b00-5092-4f81-b39f-093eeb415af8}",
                    "visible": true
                },
                "name": {
                    "enabled": true,
                    "type": "text",
                    "value": "UnknownError",
                    "visible": true
                },
                "path": {
                    "enabled": true,
                    "type": "text",
                    "value": "/",
                    "visible": true
                }
            },
            "values": [
                {
                    "language": "{f90ed273-9a2b-44a2-ac8e-ed6b78d9d34c}",
                    "value": "An unknown error occured during record decoding."
                }
            ]
        },
        {
            "properties": {
                "__categories": [
                ],
                "__groups": [
                ],
                "description": {
                    "enabled": true,
                    "type": "text",
                    "value": "",
                    "visible": true
                },
                "id": {
                    "enabled": true,
                    "type": "uuid",
                    "value": "{c1ddd4b8-20ba-46bc-bfff-f0832fd8f729}",
                    "visible": true
                },
                "name": {
                    "enabled": true,
                    "type": "text",
                    "value": "Initializing",
                    "visible": true
                },
                "path": {
                    "enabled": true,
                    "type": "text",
                    "value": "/",
                    "visible": true
                }
            },
            "values": [
                {
                    "language": "{f90ed273-9a2b-44a2-ac8e-ed6b78d9d34c}",
                    "value": "Initializing"
                }
            ]
        },
        {
            "properties": {
                "__categories": [
                ],
                "__groups": [
                ],
                "description": {
                    "enabled": true,
                    "type": "text",
                    "value": "",
                    "visible": true
                },
                "id": {
                    "enabled": true,
                    "type": "uuid",
                    "value": "{dc77191a-ad2d-4fad-97b5-303a2438a3e4}",
                    "visible": true
                },
                "name": {
                    "enabled": true,
                    "type": "text",
                    "value": "InvalidFile",
                    "visible": true
                },
                "path": {
                    "enabled": true,
                    "type": "text",
                    "value": "/",
                    "visible": true
                }
            },
            "values": [
                {
                    "language": "{f90ed273-9a2b-44a2-ac8e-ed6b78d9d34c}",
                    "value": "The image file is not valid."
                }
            ]
        },
        {
            "properties": {
                "__categories": [
                ],
                "__groups": [
                ],
                "description": {
                    "enabled": true,
                    "type": "text",
                    "value": "",
                    "visible": true
                },
                "id": {
                    "enabled": true,
                    "type": "uuid",
                    "value": "{e6ae2d54-b8cc-4850-a5b5-383245ea89e3}",
                    "visible": true
                },
                "name": {
                    "enabled": true,
                    "type": "text",
                    "value": "NoValidMedium",
                    "visible": true
                },
                "path": {
                    "enabled": true,
                    "type": "text",
                    "value": "/",
                    "visible": true
                }
            },
            "values": [
                {
                    "language": "{f90ed273-9a2b-44a2-ac8e-ed6b78d9d34c}",
                    "value": "No valid audio source found"
                }
            ]
        }
    ]
}
