{
    "sourceFileName": "mm.png",
    "sourceFileFormat": "Raw",
    "folder": "/",
    "operations": [{
        "newSize": {
            "width": 141,
            "height": 132
        },
        "type": "Resize",
        "oldSize": {
            "width": 238,
            "height": 257
        }
    }],
    "sourceFileWidth": 238,
    "sourceFileHeight": 257,
    "imageType": "Raw",
    "properties": {
        "OutputSize": {
            "Height": {
                "type": "INTEGER",
                "value": 132
            },
            "Width": {
                "type": "INTEGER",
                "value": 141
            }
        },
        "OutputMode": {
            "type": "TEXT",
            "value": "ARGB_8888"
        },
        "ImportSize": {
            "Height": {
                "type": "INTEGER",
                "value": 257
            },
            "Width": {
                "type": "INTEGER",
                "value": 238
            }
        },
        "OutputFormat": {
            "type": "TEXT",
            "value": "Raw"
        },
        "MaskColor": {
            "Red": {
                "type": "FLOAT",
                "value": 0
            },
            "Gray": {
                "type": "FLOAT",
                "value": 0
            },
            "OutputMode": {
                "type": "TEXT",
                "value": "ARGB_8888"
            },
            "Blue": {
                "type": "FLOAT",
                "value": 0
            },
            "Alpha": {
                "type": "FLOAT",
                "value": 1
            },
            "type": "COLOR",
            "Green": {
                "type": "FLOAT",
                "value": 0
            }
        },
        "GeneratePalette": {
            "type": "BOOLEAN",
            "value": false
        },
        "BitsPerPixel": {
            "type": "INTEGER",
            "value": 4
        },
        "UniquePixelCount": {
            "type": "INTEGER",
            "value": 1619
        },
        "MemoryLocation": {
            "type": "MEMORY_LOC",
            "value": "Internal Flash"
        },
        "SizeBytes": {
            "type": "INTEGER",
            "value": 74448
        },
        "MaskEnable": {
            "type": "BOOLEAN",
            "value": false
        },
        "Name": {
            "type": "TEXT",
            "value": "mm"
        }
    }
}