{
    "bindings": [
        {
            "font": "{3331177a-ed91-4256-af79-0a08c777a285}",
            "language": "{97f84028-c525-49c0-b1a2-b7a5091c44c0}",
            "string": "{1c7d5398-6441-4b33-a8b3-c4df28c12e32}"
        },
        {
            "font": "{3331177a-ed91-4256-af79-0a08c777a285}",
            "language": "{97f84028-c525-49c0-b1a2-b7a5091c44c0}",
            "string": "{1f6eb6f7-b89f-4a8a-92bf-518738a9d4d0}"
        },
        {
            "font": "{3331177a-ed91-4256-af79-0a08c777a285}",
            "language": "{97f84028-c525-49c0-b1a2-b7a5091c44c0}",
            "string": "{3568c479-f72f-4246-982d-9e1d1f368f97}"
        },
        {
            "font": "{3331177a-ed91-4256-af79-0a08c777a285}",
            "language": "{97f84028-c525-49c0-b1a2-b7a5091c44c0}",
            "string": "{383aa7de-0ae6-4ceb-84c4-19072c948590}"
        },
        {
            "font": "{3331177a-ed91-4256-af79-0a08c777a285}",
            "language": "{97f84028-c525-49c0-b1a2-b7a5091c44c0}",
            "string": "{5c7494e4-e183-41c5-8824-d69ff0c16108}"
        },
        {
            "font": "{3331177a-ed91-4256-af79-0a08c777a285}",
            "language": "{97f84028-c525-49c0-b1a2-b7a5091c44c0}",
            "string": "{80a0e51f-10d5-4805-b645-f1cfcc8d59b5}"
        },
        {
            "font": "{3331177a-ed91-4256-af79-0a08c777a285}",
            "language": "{97f84028-c525-49c0-b1a2-b7a5091c44c0}",
            "string": "{88e212fc-a442-4fca-a9ff-eb35ae9e0052}"
        },
        {
            "font": "{3331177a-ed91-4256-af79-0a08c777a285}",
            "language": "{97f84028-c525-49c0-b1a2-b7a5091c44c0}",
            "string": "{899f606a-a82b-47f7-8075-35436d791074}"
        },
        {
            "font": "{3331177a-ed91-4256-af79-0a08c777a285}",
            "language": "{97f84028-c525-49c0-b1a2-b7a5091c44c0}",
            "string": "{8d58a618-008d-4227-b25e-6c9b7736b832}"
        },
        {
            "font": "{3331177a-ed91-4256-af79-0a08c777a285}",
            "language": "{97f84028-c525-49c0-b1a2-b7a5091c44c0}",
            "string": "{919a4ebf-9f71-4402-b0b1-ebd5399afcd6}"
        },
        {
            "font": "{3331177a-ed91-4256-af79-0a08c777a285}",
            "language": "{97f84028-c525-49c0-b1a2-b7a5091c44c0}",
            "string": "{a1e11e25-e78c-4b9b-bb55-2c31b6255d6c}"
        },
        {
            "font": "{3331177a-ed91-4256-af79-0a08c777a285}",
            "language": "{97f84028-c525-49c0-b1a2-b7a5091c44c0}",
            "string": "{d0fdfbc7-da91-4ae4-abf5-cbfef2478c53}"
        },
        {
            "font": "{3331177a-ed91-4256-af79-0a08c777a285}",
            "language": "{97f84028-c525-49c0-b1a2-b7a5091c44c0}",
            "string": "{d688f2ea-78e1-4a34-a411-ea168c91f99c}"
        },
        {
            "font": "{3331177a-ed91-4256-af79-0a08c777a285}",
            "language": "{97f84028-c525-49c0-b1a2-b7a5091c44c0}",
            "string": "{d7868beb-2a95-4879-af7c-9bb64cdf90fc}"
        },
        {
            "font": "{3331177a-ed91-4256-af79-0a08c777a285}",
            "language": "{97f84028-c525-49c0-b1a2-b7a5091c44c0}",
            "string": "{d92882d6-596a-4c39-8c90-de8f4b64caf6}"
        },
        {
            "font": "{3331177a-ed91-4256-af79-0a08c777a285}",
            "language": "{97f84028-c525-49c0-b1a2-b7a5091c44c0}",
            "string": "{eb5e5fb7-f40e-42db-9bca-aa08e6f88587}"
        },
        {
            "font": "{3331177a-ed91-4256-af79-0a08c777a285}",
            "language": "{97f84028-c525-49c0-b1a2-b7a5091c44c0}",
            "string": "{eddeb659-ccdb-49d4-979b-b02b3fad5fe5}"
        },
        {
            "font": "{3331177a-ed91-4256-af79-0a08c777a285}",
            "language": "{97f84028-c525-49c0-b1a2-b7a5091c44c0}",
            "string": "{fd1c13c4-282d-4f25-97bb-8d5b14f77873}"
        }
    ],
    "defaultLanguage": "{97f84028-c525-49c0-b1a2-b7a5091c44c0}",
    "encoding": "ASCII",
    "languages": [
        {
            "properties": {
                "__categories": [
                ],
                "__groups": [
                ],
                "enabled": {
                    "enabled": true,
                    "type": "boolean",
                    "value": true,
                    "visible": true
                },
                "id": {
                    "enabled": true,
                    "type": "uuid",
                    "value": "{97f84028-c525-49c0-b1a2-b7a5091c44c0}",
                    "visible": true
                },
                "name": {
                    "enabled": true,
                    "type": "text",
                    "value": "Default",
                    "visible": true
                }
            }
        }
    ],
    "paths": [
    ],
    "strings": [
        {
            "properties": {
                "__categories": [
                ],
                "__groups": [
                ],
                "description": {
                    "enabled": true,
                    "type": "text",
                    "value": "",
                    "visible": true
                },
                "id": {
                    "enabled": true,
                    "type": "uuid",
                    "value": "{1c7d5398-6441-4b33-a8b3-c4df28c12e32}",
                    "visible": true
                },
                "name": {
                    "enabled": true,
                    "type": "text",
                    "value": "Device3",
                    "visible": true
                },
                "path": {
                    "enabled": true,
                    "type": "text",
                    "value": "/",
                    "visible": true
                }
            },
            "values": [
                {
                    "language": "{97f84028-c525-49c0-b1a2-b7a5091c44c0}",
                    "value": "Node3"
                }
            ]
        },
        {
            "properties": {
                "__categories": [
                ],
                "__groups": [
                ],
                "description": {
                    "enabled": true,
                    "type": "text",
                    "value": "",
                    "visible": true
                },
                "id": {
                    "enabled": true,
                    "type": "uuid",
                    "value": "{1f6eb6f7-b89f-4a8a-92bf-518738a9d4d0}",
                    "visible": true
                },
                "name": {
                    "enabled": true,
                    "type": "text",
                    "value": "Online",
                    "visible": true
                },
                "path": {
                    "enabled": true,
                    "type": "text",
                    "value": "/",
                    "visible": true
                }
            },
            "values": [
                {
                    "language": "{97f84028-c525-49c0-b1a2-b7a5091c44c0}",
                    "value": "Online"
                }
            ]
        },
        {
            "properties": {
                "__categories": [
                ],
                "__groups": [
                ],
                "description": {
                    "enabled": true,
                    "type": "text",
                    "value": "",
                    "visible": true
                },
                "id": {
                    "enabled": true,
                    "type": "uuid",
                    "value": "{3568c479-f72f-4246-982d-9e1d1f368f97}",
                    "visible": true
                },
                "name": {
                    "enabled": true,
                    "type": "text",
                    "value": "Offline",
                    "visible": true
                },
                "path": {
                    "enabled": true,
                    "type": "text",
                    "value": "/",
                    "visible": true
                }
            },
            "values": [
                {
                    "language": "{97f84028-c525-49c0-b1a2-b7a5091c44c0}",
                    "value": "Offline"
                }
            ]
        },
        {
            "properties": {
                "__categories": [
                ],
                "__groups": [
                ],
                "description": {
                    "enabled": true,
                    "type": "text",
                    "value": "",
                    "visible": true
                },
                "id": {
                    "enabled": true,
                    "type": "uuid",
                    "value": "{383aa7de-0ae6-4ceb-84c4-19072c948590}",
                    "visible": true
                },
                "name": {
                    "enabled": true,
                    "type": "text",
                    "value": "Connectivity",
                    "visible": true
                },
                "path": {
                    "enabled": true,
                    "type": "text",
                    "value": "/",
                    "visible": true
                }
            },
            "values": [
                {
                    "language": "{97f84028-c525-49c0-b1a2-b7a5091c44c0}",
                    "value": "Connectivity"
                }
            ]
        },
        {
            "properties": {
                "__categories": [
                ],
                "__groups": [
                ],
                "description": {
                    "enabled": true,
                    "type": "text",
                    "value": "",
                    "visible": true
                },
                "id": {
                    "enabled": true,
                    "type": "uuid",
                    "value": "{5c7494e4-e183-41c5-8824-d69ff0c16108}",
                    "visible": true
                },
                "name": {
                    "enabled": true,
                    "type": "text",
                    "value": "GPIO2",
                    "visible": true
                },
                "path": {
                    "enabled": true,
                    "type": "text",
                    "value": "/",
                    "visible": true
                }
            },
            "values": [
                {
                    "language": "{97f84028-c525-49c0-b1a2-b7a5091c44c0}",
                    "value": "GPIO2"
                }
            ]
        },
        {
            "properties": {
                "__categories": [
                ],
                "__groups": [
                ],
                "description": {
                    "enabled": true,
                    "type": "text",
                    "value": "",
                    "visible": true
                },
                "id": {
                    "enabled": true,
                    "type": "uuid",
                    "value": "{80a0e51f-10d5-4805-b645-f1cfcc8d59b5}",
                    "visible": true
                },
                "name": {
                    "enabled": true,
                    "type": "text",
                    "value": "String55",
                    "visible": true
                },
                "path": {
                    "enabled": true,
                    "type": "text",
                    "value": "/",
                    "visible": true
                }
            },
            "values": [
                {
                    "language": "{97f84028-c525-49c0-b1a2-b7a5091c44c0}",
                    "value": "-55"
                }
            ]
        },
        {
            "properties": {
                "__categories": [
                ],
                "__groups": [
                ],
                "description": {
                    "enabled": true,
                    "type": "text",
                    "value": "",
                    "visible": true
                },
                "id": {
                    "enabled": true,
                    "type": "uuid",
                    "value": "{88e212fc-a442-4fca-a9ff-eb35ae9e0052}",
                    "visible": true
                },
                "name": {
                    "enabled": true,
                    "type": "text",
                    "value": "Off",
                    "visible": true
                },
                "path": {
                    "enabled": true,
                    "type": "text",
                    "value": "/",
                    "visible": true
                }
            },
            "values": [
                {
                    "language": "{97f84028-c525-49c0-b1a2-b7a5091c44c0}",
                    "value": "Off"
                }
            ]
        },
        {
            "properties": {
                "__categories": [
                ],
                "__groups": [
                ],
                "description": {
                    "enabled": true,
                    "type": "text",
                    "value": "",
                    "visible": true
                },
                "id": {
                    "enabled": true,
                    "type": "uuid",
                    "value": "{899f606a-a82b-47f7-8075-35436d791074}",
                    "visible": true
                },
                "name": {
                    "enabled": true,
                    "type": "text",
                    "value": "String23",
                    "visible": true
                },
                "path": {
                    "enabled": true,
                    "type": "text",
                    "value": "/",
                    "visible": true
                }
            },
            "values": [
                {
                    "language": "{97f84028-c525-49c0-b1a2-b7a5091c44c0}",
                    "value": "23"
                }
            ]
        },
        {
            "properties": {
                "__categories": [
                ],
                "__groups": [
                ],
                "description": {
                    "enabled": true,
                    "type": "text",
                    "value": "",
                    "visible": true
                },
                "id": {
                    "enabled": true,
                    "type": "uuid",
                    "value": "{8d58a618-008d-4227-b25e-6c9b7736b832}",
                    "visible": true
                },
                "name": {
                    "enabled": true,
                    "type": "text",
                    "value": "On",
                    "visible": true
                },
                "path": {
                    "enabled": true,
                    "type": "text",
                    "value": "/",
                    "visible": true
                }
            },
            "values": [
                {
                    "language": "{97f84028-c525-49c0-b1a2-b7a5091c44c0}",
                    "value": "On"
                }
            ]
        },
        {
            "properties": {
                "__categories": [
                ],
                "__groups": [
                ],
                "description": {
                    "enabled": true,
                    "type": "text",
                    "value": "",
                    "visible": true
                },
                "id": {
                    "enabled": true,
                    "type": "uuid",
                    "value": "{919a4ebf-9f71-4402-b0b1-ebd5399afcd6}",
                    "visible": true
                },
                "name": {
                    "enabled": true,
                    "type": "text",
                    "value": "title",
                    "visible": true
                },
                "path": {
                    "enabled": true,
                    "type": "text",
                    "value": "/",
                    "visible": true
                }
            },
            "values": [
                {
                    "language": "{97f84028-c525-49c0-b1a2-b7a5091c44c0}",
                    "value": "MiWi-IoT Demo"
                }
            ]
        },
        {
            "properties": {
                "__categories": [
                ],
                "__groups": [
                ],
                "description": {
                    "enabled": true,
                    "type": "text",
                    "value": "",
                    "visible": true
                },
                "id": {
                    "enabled": true,
                    "type": "uuid",
                    "value": "{a1e11e25-e78c-4b9b-bb55-2c31b6255d6c}",
                    "visible": true
                },
                "name": {
                    "enabled": true,
                    "type": "text",
                    "value": "dbm",
                    "visible": true
                },
                "path": {
                    "enabled": true,
                    "type": "text",
                    "value": "/",
                    "visible": true
                }
            },
            "values": [
                {
                    "language": "{97f84028-c525-49c0-b1a2-b7a5091c44c0}",
                    "value": "dBm"
                }
            ]
        },
        {
            "properties": {
                "__categories": [
                ],
                "__groups": [
                ],
                "description": {
                    "enabled": true,
                    "type": "text",
                    "value": "",
                    "visible": true
                },
                "id": {
                    "enabled": true,
                    "type": "uuid",
                    "value": "{d0fdfbc7-da91-4ae4-abf5-cbfef2478c53}",
                    "visible": true
                },
                "name": {
                    "enabled": true,
                    "type": "text",
                    "value": "device",
                    "visible": true
                },
                "path": {
                    "enabled": true,
                    "type": "text",
                    "value": "/",
                    "visible": true
                }
            },
            "values": [
                {
                    "language": "{97f84028-c525-49c0-b1a2-b7a5091c44c0}",
                    "value": "Node1"
                }
            ]
        },
        {
            "properties": {
                "__categories": [
                ],
                "__groups": [
                ],
                "description": {
                    "enabled": true,
                    "type": "text",
                    "value": "",
                    "visible": true
                },
                "id": {
                    "enabled": true,
                    "type": "uuid",
                    "value": "{d688f2ea-78e1-4a34-a411-ea168c91f99c}",
                    "visible": true
                },
                "name": {
                    "enabled": true,
                    "type": "text",
                    "value": "GPIO1",
                    "visible": true
                },
                "path": {
                    "enabled": true,
                    "type": "text",
                    "value": "/",
                    "visible": true
                }
            },
            "values": [
                {
                    "language": "{97f84028-c525-49c0-b1a2-b7a5091c44c0}",
                    "value": "GPIO1"
                }
            ]
        },
        {
            "properties": {
                "__categories": [
                ],
                "__groups": [
                ],
                "description": {
                    "enabled": true,
                    "type": "text",
                    "value": "",
                    "visible": true
                },
                "id": {
                    "enabled": true,
                    "type": "uuid",
                    "value": "{d7868beb-2a95-4879-af7c-9bb64cdf90fc}",
                    "visible": true
                },
                "name": {
                    "enabled": true,
                    "type": "text",
                    "value": "String0",
                    "visible": true
                },
                "path": {
                    "enabled": true,
                    "type": "text",
                    "value": "/",
                    "visible": true
                }
            },
            "values": [
                {
                    "language": "{97f84028-c525-49c0-b1a2-b7a5091c44c0}",
                    "value": "0"
                }
            ]
        },
        {
            "properties": {
                "__categories": [
                ],
                "__groups": [
                ],
                "description": {
                    "enabled": true,
                    "type": "text",
                    "value": "",
                    "visible": true
                },
                "id": {
                    "enabled": true,
                    "type": "uuid",
                    "value": "{d92882d6-596a-4c39-8c90-de8f4b64caf6}",
                    "visible": true
                },
                "name": {
                    "enabled": true,
                    "type": "text",
                    "value": "Device2",
                    "visible": true
                },
                "path": {
                    "enabled": true,
                    "type": "text",
                    "value": "/",
                    "visible": true
                }
            },
            "values": [
                {
                    "language": "{97f84028-c525-49c0-b1a2-b7a5091c44c0}",
                    "value": "Node2"
                }
            ]
        },
        {
            "properties": {
                "__categories": [
                ],
                "__groups": [
                ],
                "description": {
                    "enabled": true,
                    "type": "text",
                    "value": "",
                    "visible": true
                },
                "id": {
                    "enabled": true,
                    "type": "uuid",
                    "value": "{eb5e5fb7-f40e-42db-9bca-aa08e6f88587}",
                    "visible": true
                },
                "name": {
                    "enabled": true,
                    "type": "text",
                    "value": "LED",
                    "visible": true
                },
                "path": {
                    "enabled": true,
                    "type": "text",
                    "value": "/",
                    "visible": true
                }
            },
            "values": [
                {
                    "language": "{97f84028-c525-49c0-b1a2-b7a5091c44c0}",
                    "value": "LED"
                }
            ]
        },
        {
            "properties": {
                "__categories": [
                ],
                "__groups": [
                ],
                "description": {
                    "enabled": true,
                    "type": "text",
                    "value": "",
                    "visible": true
                },
                "id": {
                    "enabled": true,
                    "type": "uuid",
                    "value": "{eddeb659-ccdb-49d4-979b-b02b3fad5fe5}",
                    "visible": true
                },
                "name": {
                    "enabled": true,
                    "type": "text",
                    "value": "String1",
                    "visible": true
                },
                "path": {
                    "enabled": true,
                    "type": "text",
                    "value": "/",
                    "visible": true
                }
            },
            "values": [
                {
                    "language": "{97f84028-c525-49c0-b1a2-b7a5091c44c0}",
                    "value": "1"
                }
            ]
        },
        {
            "properties": {
                "__categories": [
                ],
                "__groups": [
                ],
                "description": {
                    "enabled": true,
                    "type": "text",
                    "value": "",
                    "visible": true
                },
                "id": {
                    "enabled": true,
                    "type": "uuid",
                    "value": "{fd1c13c4-282d-4f25-97bb-8d5b14f77873}",
                    "visible": true
                },
                "name": {
                    "enabled": true,
                    "type": "text",
                    "value": "Cese",
                    "visible": true
                },
                "path": {
                    "enabled": true,
                    "type": "text",
                    "value": "/",
                    "visible": true
                }
            },
            "values": [
                {
                    "language": "{97f84028-c525-49c0-b1a2-b7a5091c44c0}",
                    "value": "°C"
                }
            ]
        }
    ]
}
