{
    "images": [
        {
            "id": "{cdedb7a9-597a-433d-9d1e-4e2d0bbc3e74}",
            "name": "oled_c",
            "type": "RGB"
        },
        {
            "id": "{8435d95e-492b-470c-9cbf-eb037ecfe7c1}",
            "name": "MCHP",
            "type": "RGB"
        },
        {
            "id": "{b449ed79-7292-40a6-b62c-4d0c224e64df}",
            "name": "Orginal_NonSecure",
            "type": "RGB"
        },
        {
            "id": "{b56019d9-16d4-4035-bb50-8059e8e57890}",
            "name": "Orginal_Secure",
            "type": "RGB"
        }
    ],
    "paths": [
    ]
}
