{
    "sourceFileName": "music_icon2.png",
    "sourceFileFormat": "Raw",
    "folder": "/",
    "operations": [
        {
            "newSize": {
                "width": 39,
                "height": 47
            },
            "type": "Resize",
            "oldSize": {
                "width": 85,
                "height": 102
            }
        },
        {
            "newSize": {
                "width": 20,
                "height": 24
            },
            "type": "Resize",
            "oldSize": {
                "width": 39,
                "height": 47
            }
        }
    ],
    "sourceFileWidth": 85,
    "sourceFileHeight": 102,
    "imageType": "Raw",
    "properties": {
        "OutputSize": {
            "Height": {
                "type": "INTEGER",
                "value": 24
            },
            "Width": {
                "type": "INTEGER",
                "value": 20
            }
        },
        "OutputMode": {
            "type": "TEXT",
            "value": "ARGB_8888"
        },
        "ImportSize": {
            "Height": {
                "type": "INTEGER",
                "value": 102
            },
            "Width": {
                "type": "INTEGER",
                "value": 85
            }
        },
        "OutputFormat": {
            "type": "TEXT",
            "value": "Raw"
        },
        "MaskColor": {
            "Red": {
                "type": "FLOAT",
                "value": 0
            },
            "Gray": {
                "type": "FLOAT",
                "value": 0
            },
            "OutputMode": {
                "type": "TEXT",
                "value": "ARGB_8888"
            },
            "Blue": {
                "type": "FLOAT",
                "value": 0
            },
            "Alpha": {
                "type": "FLOAT",
                "value": 1
            },
            "type": "COLOR",
            "Green": {
                "type": "FLOAT",
                "value": 0
            }
        },
        "GeneratePalette": {
            "type": "BOOLEAN",
            "value": false
        },
        "BitsPerPixel": {
            "type": "INTEGER",
            "value": 4
        },
        "UniquePixelCount": {
            "type": "INTEGER",
            "value": 11
        },
        "MemoryLocation": {
            "type": "MEMORY_LOC",
            "value": "Internal Flash"
        },
        "SizeBytes": {
            "type": "INTEGER",
            "value": 1920
        },
        "MaskEnable": {
            "type": "BOOLEAN",
            "value": false
        },
        "Name": {
            "type": "TEXT",
            "value": "music_icon2"
        }
    }
}