{
    " ": {
        "advance": 3,
        "bearingX": 0,
        "bearingY": 0,
        "codePoint": 32,
        "height": 0,
        "width": 0
    },
    "!": {
        "advance": 3,
        "bearingX": 0,
        "bearingY": 8,
        "codePoint": 33,
        "data": "Uf98RP9uNv9fKf9RG/9DAAAABz0OQvFh",
        "height": 8,
        "width": 3
    },
    "\"": {
        "advance": 5,
        "bearingX": 0,
        "bearingY": 8,
        "codePoint": 34,
        "data": "Pv8t+nEr/xfnWxTXBLM9",
        "height": 3,
        "width": 5
    },
    "#": {
        "advance": 7,
        "bearingX": 0,
        "bearingY": 8,
        "codePoint": 35,
        "data": "AACDqkPlAAAAuHZ4rwBd+P76/PzVDTT/NeBoHgxA9BL5OgjE//////+ALauxgts8HgDEZZGaAAA=",
        "height": 8,
        "width": 7
    },
    "$": {
        "advance": 6,
        "bearingX": 0,
        "bearingY": 8,
        "codePoint": 36,
        "data": "AABBkAUADrj+//p4c/+gqHM9Yf/BhQAABZb8+p4PAABH2PyxTExQmuLKcv////BKABhgmAgA",
        "height": 9,
        "width": 6
    },
    "%": {
        "advance": 10,
        "bearingX": 0,
        "bearingY": 8,
        "codePoint": 37,
        "data": "HNDtWQAAyX4AAILjnuUAVecLAAChs0z/DdtnAAAAjNJ19GzXeem4DC70/5vqW/lw6WgAFCqExCH/M8yIAAAZ9DkK+I/xbAAAmq0AAHXxxRE=",
        "height": 8,
        "width": 10
    },
    "&": {
        "advance": 8,
        "bearingX": 0,
        "bearingY": 8,
        "codePoint": 38,
        "data": "ADbP8rgXAAAAAM/WZfyLAAAAAMnGMf14AAAAAF3/+b0NAAAAGdnj+nMI7rsAfv9CUPrK/j8Aa/+rV8H/1wYABZLo9s6I+bQH",
        "height": 8,
        "width": 9
    },
    "'": {
        "advance": 3,
        "bearingX": 0,
        "bearingY": 8,
        "codePoint": 39,
        "data": "Pv8tK/8XFNcE",
        "height": 3,
        "width": 3
    },
    "(": {
        "advance": 4,
        "bearingX": 0,
        "bearingY": 8,
        "codePoint": 40,
        "data": "AE7zIAThigBE/y0AePUBAIrkAAB79AAASP8oAAblgwAAUfEd",
        "height": 9,
        "width": 4
    },
    ")": {
        "advance": 4,
        "bearingX": 0,
        "bearingY": 8,
        "codePoint": 41,
        "data": "WewcAADOngAAcfUFADv/MAAp/0IAOv8zAG/4CADLpABV7R4A",
        "height": 9,
        "width": 4
    },
    "*": {
        "advance": 6,
        "bearingX": 0,
        "bearingY": 8,
        "codePoint": 42,
        "data": "AACppAAARlWallVJc8/8+890AFXm7FEAAKF4d6MAAAAAAAAA",
        "height": 6,
        "width": 6
    },
    "+": {
        "advance": 6,
        "bearingX": 0,
        "bearingY": 6,
        "codePoint": 43,
        "data": "AAB0vAAACBB8wBANiP/////QHzyUyzwwAAB0vAAA",
        "height": 5,
        "width": 6
    },
    ",": {
        "advance": 3,
        "bearingX": 0,
        "bearingY": 2,
        "codePoint": 44,
        "data": "KthPW/0YjrYA",
        "height": 3,
        "width": 3
    },
    "-": {
        "advance": 4,
        "bearingX": 0,
        "bearingY": 5,
        "codePoint": 45,
        "data": "ChAQA6z//zgoPDwN",
        "height": 3,
        "width": 4
    },
    ".": {
        "advance": 3,
        "bearingX": 0,
        "bearingY": 2,
        "codePoint": 46,
        "data": "Bz0OQvFh",
        "height": 2,
        "width": 3
    },
    "/": {
        "advance": 5,
        "bearingX": 0,
        "bearingY": 8,
        "codePoint": 47,
        "data": "AAAv/00AAIzqBAAD5pIAAEf/NAAApdYAAAz1eQAAYP4eAAC9vgAAAA==",
        "height": 8,
        "width": 5
    },
    "0": {
        "advance": 6,
        "bearingX": 0,
        "bearingY": 8,
        "codePoint": 48,
        "data": "AGvn9JsEL/+tf/9kef8sAOe5lf8SAMvXkP8SAMvcc/8sAOa+Iv6sff9zAGrp86AG",
        "height": 8,
        "width": 6
    },
    "1": {
        "advance": 6,
        "bearingX": 0,
        "bearingY": 8,
        "codePoint": 49,
        "data": "AABz/IwHofr/jBjSV/+MAAEf/4wAACD/jAAAIP+MAAAg/4wAACD/jA==",
        "height": 8,
        "width": 5
    },
    "2": {
        "advance": 6,
        "bearingX": 0,
        "bearingY": 8,
        "codePoint": 50,
        "data": "F53n9rASPOh3d/+PAAcABvupAAAAbv9aAABH+qwAADr0tAYAMfDiUkxGkP/////s",
        "height": 8,
        "width": 6
    },
    "3": {
        "advance": 6,
        "bearingX": 0,
        "bearingY": 8,
        "codePoint": 51,
        "data": "Mrvt8bUaG55ddf+NAAYTUv9dAGD//pMBABZAe/+RAAAAAPHScXZTjf+bZOD67J8O",
        "height": 8,
        "width": 6
    },
    "4": {
        "advance": 6,
        "bearingX": 0,
        "bearingY": 8,
        "codePoint": 52,
        "data": "AAAAtf8oAAAAY/7/KAAAHvGs/ygAAbybdP8oAGrpHnz/NQHP//////8cMDw8lP9aBgAAAHT/KAA=",
        "height": 8,
        "width": 7
    },
    "5": {
        "advance": 6,
        "bearingX": 0,
        "bearingY": 8,
        "codePoint": 53,
        "data": "Df////9AIP+VTEwTM/9YCAAARv/+/8ceC1dDev+iAAAAAO+7VnhTif97UuH55IwG",
        "height": 8,
        "width": 6
    },
    "6": {
        "advance": 6,
        "bearingX": 0,
        "bearingY": 8,
        "codePoint": 54,
        "data": "ABad7P5cBdDiblIlTv86BwAAh/qi/+E3l/+PTurEg/8XALXgNP6oYvOpAGLh87QZ",
        "height": 8,
        "width": 6
    },
    "7": {
        "advance": 6,
        "bearingX": 0,
        "bearingY": 8,
        "codePoint": 55,
        "data": "tP/////rNUxMUfeyAAAAXP9GAAAAzNgBAAA9/24AAACu8w4AACL9lgAAAJD/KgAA",
        "height": 8,
        "width": 6
    },
    "8": {
        "advance": 6,
        "bearingX": 0,
        "bearingY": 8,
        "codePoint": 56,
        "data": "A4Hi7qsWS/+cb/yTP/9kI/iDAIf/+KwKHNPXwe07iPgNAsfJev93XefBCqLt77on",
        "height": 8,
        "width": 6
    },
    "9": {
        "advance": 6,
        "bearingX": 0,
        "bearingY": 8,
        "codePoint": 57,
        "data": "AYnp748EXf+Lf/91mPsBANPKhv9FOPHeIOX/79nOAAoyF+WXCVNcuvYmF/72wTQA",
        "height": 8,
        "width": 6
    },
    ":": {
        "advance": 3,
        "bearingX": 0,
        "bearingY": 6,
        "codePoint": 58,
        "data": "Q/FiBj0MAAAAAAAABz0OQvFh",
        "height": 6,
        "width": 3
    },
    ";": {
        "advance": 3,
        "bearingX": 0,
        "bearingY": 6,
        "codePoint": 59,
        "data": "Q/FiBj0MAAAAAAAAKthPW/0YjrYA",
        "height": 7,
        "width": 3
    },
    "<": {
        "advance": 6,
        "bearingX": 0,
        "bearingY": 7,
        "codePoint": 60,
        "data": "AAAAADiLAAA6ufJ7L7voexEAXPPEVAQAABB14eVwAAAAA1WX",
        "height": 6,
        "width": 6
    },
    "=": {
        "advance": 6,
        "bearingX": 0,
        "bearingY": 6,
        "codePoint": 61,
        "data": "CBAQEBANiP/////QKExMTEw9iP/////QHzw8PDww",
        "height": 5,
        "width": 6
    },
    ">": {
        "advance": 6,
        "bearingX": 0,
        "bearingY": 7,
        "codePoint": 62,
        "data": "ZFwDAAAASN/ZXQMAAANaz9tXAAA2oPuZQc3zlCUAa3QPAAAA",
        "height": 6,
        "width": 6
    },
    "?": {
        "advance": 5,
        "bearingX": 0,
        "bearingY": 8,
        "codePoint": 63,
        "data": "ftj20zt/g1vU2gAAALjoAACR/2gAUP9fAABapQAAABg5AAAAi+waAA==",
        "height": 8,
        "width": 5
    },
    "@": {
        "advance": 10,
        "bearingX": 0,
        "bearingY": 8,
        "codePoint": 64,
        "data": "AAAsq+z2zVoAAAA99bhjVJD6bwAD3Yxc4vXIafEJQPMv/JFu/xHwO2rHYuEAPf8D5kZm0lPvLJH+Q/wcNvou0//avf+cAAC/2ldNJz5MAAAAEqn7///xTQAAAAAAETIqBwAAAA==",
        "height": 10,
        "width": 10
    },
    "A": {
        "advance": 8,
        "bearingX": 0,
        "bearingY": 8,
        "codePoint": 65,
        "data": "AABo//IJAAAAAMHe/1UAAAAb/XnhrgAAAHL/MJj4DwAAyuoYX/9gACP//////7kAe/90SEjB/BbU7wUAAF//aw==",
        "height": 8,
        "width": 8
    },
    "B": {
        "advance": 7,
        "bearingX": 0,
        "bearingY": 8,
        "codePoint": 66,
        "data": "BP///OmoFAT/wk6L/4QE/60RVP97BP/////SDgT/vD10/5IE/6gAAPXHBP/CTYb/kwT////soQ4=",
        "height": 8,
        "width": 7
    },
    "C": {
        "advance": 7,
        "bearingX": 0,
        "bearingY": 8,
        "codePoint": 67,
        "data": "AAeK5PfUUQCl/o1anDcf/6cAAAAAUP9qAAAAAFH/aAAAAAAo/50AAAAAAL/8hFV6OAATpO341zg=",
        "height": 8,
        "width": 7
    },
    "D": {
        "advance": 8,
        "bearingX": 0,
        "bearingY": 8,
        "codePoint": 68,
        "data": "BP///OCNDQAE/8JQh/nFAgT/qAAAhf9FBP+oAABH/3ME/6gAAEr/cwT/qAAAjv9BBP/CVJD8vgEE///63IYKAA==",
        "height": 8,
        "width": 8
    },
    "E": {
        "advance": 6,
        "bearingX": 0,
        "bearingY": 8,
        "codePoint": 69,
        "data": "BP////+EBP/CTEwnBP+tEBAFBP////9QBP+8PDwSBP+oAAAABP/CTEwnBP////+E",
        "height": 8,
        "width": 6
    },
    "F": {
        "advance": 6,
        "bearingX": 0,
        "bearingY": 8,
        "codePoint": 70,
        "data": "BP////98BP+8TEwkBP+gAAAABP+mEBAEBP////9MBP+2PDwRBP+gAAAABP+gAAAA",
        "height": 8,
        "width": 6
    },
    "G": {
        "advance": 8,
        "bearingX": 0,
        "bearingY": 8,
        "codePoint": 71,
        "data": "AAN01vfssAIAm/+rVnCEAB7+ugAAAAAAT/9pABAQEAFK/20I////FCP/qgE8p/8UALD/iVG1/xQAEZ7r+ui4Cw==",
        "height": 8,
        "width": 8
    },
    "H": {
        "advance": 8,
        "bearingX": 0,
        "bearingY": 8,
        "codePoint": 72,
        "data": "BP+oAAA8/2wE/6gAADz/bAT/rRAQSP9sBP///////2wE/7w8PGn/bAT/qAAAPP9sBP+oAAA8/2wE/6gAADz/bA==",
        "height": 8,
        "width": 8
    },
    "I": {
        "advance": 4,
        "bearingX": 0,
        "bearingY": 8,
        "codePoint": 73,
        "data": "o///6xbN+zAAsPgAALD4AACw+AAAsPgAFMv7LKP//+s=",
        "height": 8,
        "width": 4
    },
    "J": {
        "advance": 4,
        "bearingX": -1,
        "bearingY": 8,
        "codePoint": 74,
        "data": "AAT/qAAE/6gABP+oAAT/qAAE/6gABP+oAAT/qAAG/6QSVP+B0P/eGioyBAA=",
        "height": 11,
        "width": 4
    },
    "K": {
        "advance": 7,
        "bearingX": 0,
        "bearingY": 8,
        "codePoint": 75,
        "data": "BP+oABLg2A0E/6gCuPQqAAT/qID/WgAABP/a/bkAAAAE//3e+SgAAAT/qyT4vwAABP+oAIH/XgAE/6gACN3qEg==",
        "height": 8,
        "width": 8
    },
    "L": {
        "advance": 6,
        "bearingX": 0,
        "bearingY": 8,
        "codePoint": 76,
        "data": "BP+oAAAABP+oAAAABP+oAAAABP+oAAAABP+oAAAABP+oAAAABP/HXFxNBP/////Y",
        "height": 8,
        "width": 6
    },
    "M": {
        "advance": 10,
        "bearingX": 0,
        "bearingY": 8,
        "codePoint": 77,
        "data": "BP//ZgAAEvv/ZAT//bQAAGD7/2QE/8j3CgCyvv9kBP+I/U8M93T/ZAT/d8OdV/Iz/2QE/3h16KumLP9kBP94Jv/9Uyz/ZAT/eADX9gos/2Q=",
        "height": 8,
        "width": 10
    },
    "N": {
        "advance": 9,
        "bearingX": 0,
        "bearingY": 8,
        "codePoint": 78,
        "data": "BP//YAAAjPQE///lCwCM9AT/rP+DAIz0BP9vtvYdi/QE/3cp+6WH9AT/eACT/rX0BP94ABPv//QE/3gAAHH/9A==",
        "height": 8,
        "width": 8
    },
    "O": {
        "advance": 9,
        "bearingX": 0,
        "bearingY": 8,
        "codePoint": 79,
        "data": "AAyT5fjZcAAAALf+jlmw/3YAJv+rAAAD4+YBUf9xAAAArf8UUf9xAAAArf8UJf+qAAAD4uYBALT+i1mv/3YAAAyU5vjZcAAA",
        "height": 8,
        "width": 9
    },
    "P": {
        "advance": 7,
        "bearingX": 0,
        "bearingY": 8,
        "codePoint": 80,
        "data": "BP//+9xkAAT/wlLC/i4E/6gATv9eBP+tG6X/PAT////9lQAE/7w3FwAABP+oAAAAAAT/qAAAAAA=",
        "height": 8,
        "width": 7
    },
    "Q": {
        "advance": 9,
        "bearingX": 0,
        "bearingY": 8,
        "codePoint": 81,
        "data": "AAyT5fjZbwAAALf+jlmw/3QAJv+rAAAD4+UBUf9xAAAArf8TUf9xAAAArf8TJf+qAAAD4ucAALT+i1mv/3kAAAyU5v7/lAIAAAAAACHj4yYAAAAAAAAlfGUA",
        "height": 10,
        "width": 9
    },
    "R": {
        "advance": 7,
        "bearingX": 0,
        "bearingY": 8,
        "codePoint": 82,
        "data": "BP//+NZgAAAE/8JWxf0tAAT/qABO/1sABP+tGqL+LwAE/////2wAAAT/vGP/bgAABP+oAJv4MQAE/6gADeDZDA==",
        "height": 8,
        "width": 8
    },
    "S": {
        "advance": 6,
        "bearingX": 0,
        "bearingY": 8,
        "codePoint": 83,
        "data": "AHfk9dBKPv+mWZQqV/9xAAAAEuP/wDEAABeX+fg5AAAAN/+Pa5Jcev9sUtr4540D",
        "height": 8,
        "width": 6
    },
    "T": {
        "advance": 6,
        "bearingX": 0,
        "bearingY": 8,
        "codePoint": 84,
        "data": "yP//////KDtMv/9OTAsAAKT/BAAAAACk/wQAAAAApP8EAAAAAKT/BAAAAACk/wQAAAAApP8EAAA=",
        "height": 8,
        "width": 7
    },
    "U": {
        "advance": 8,
        "bearingX": 0,
        "bearingY": 8,
        "codePoint": 85,
        "data": "EP+YAABI/2AQ/5gAAEj/YBD/mAAASP9gEP+YAABI/2AQ/5gAAEj/YAT5rwAAYv9TALD6gWvg8BIAFaPp9sY5AA==",
        "height": 8,
        "width": 8
    },
    "V": {
        "advance": 7,
        "bearingX": 0,
        "bearingY": 8,
        "codePoint": 86,
        "data": "1dcAAACw8wmA/yUACvanACv/dABQ/1IAANbDAJ/zCAAAgf0Y66cAAAAs/4//UQAAAADX8vMIAAAAAIL/pgAAAA==",
        "height": 8,
        "width": 8
    },
    "W": {
        "advance": 11,
        "bearingX": 0,
        "bearingY": 8,
        "codePoint": 87,
        "data": "4MEAAJn/PAAd/4Sg9gUA2v99AFj/RGD/Nhv/z74Ak/kKIP9wXPtt9wfNxAAA4Kqdxif/SvyEAACg3dKFAOSw/0QAAGD++UQAo/f5CgAAIP/5CgBh/8QAAA==",
        "height": 8,
        "width": 11
    },
    "X": {
        "advance": 7,
        "bearingX": 0,
        "bearingY": 8,
        "codePoint": 88,
        "data": "hP9LAArj0wUI29oGgP47AABE/5P1mwAAAACk/+oSAAAAAcX/7RgAAABq/2r1rwAAGvGwAHn/WQCv9R8ABtfsFg==",
        "height": 8,
        "width": 8
    },
    "Y": {
        "advance": 7,
        "bearingX": 0,
        "bearingY": 8,
        "codePoint": 89,
        "data": "vfUWAC7+lzf/jgCv9RkAr/ZL/4YAACv9+O0PAAAAof91AAAAAGT/QAAAAABk/0AAAAAAZP9AAAA=",
        "height": 8,
        "width": 7
    },
    "Z": {
        "advance": 6,
        "bearingX": 0,
        "bearingY": 8,
        "codePoint": 90,
        "data": "pP//////ADBMTHD/rQAAAAHC7RcAAABu/1wAAAAi9LMAAAABv+8aAAAAav+iTExMCLz//////xw=",
        "height": 8,
        "width": 7
    },
    "[": {
        "advance": 4,
        "bearingX": 0,
        "bearingY": 8,
        "codePoint": 91,
        "data": "PP//XDz/ahs8/ywAPP8sADz/LAA8/ywAPP8sADz/OQU8//9cDjw8FQ==",
        "height": 10,
        "width": 4
    },
    "\\": {
        "advance": 5,
        "bearingX": 0,
        "bearingY": 8,
        "codePoint": 92,
        "data": "wbsAAABk/RsAAA/3dwAAAKnUAAAAS/8zAAAE6ZEAAACQ6gQAADP/TQ==",
        "height": 8,
        "width": 5
    },
    "]": {
        "advance": 4,
        "bearingX": 0,
        "bearingY": 8,
        "codePoint": 93,
        "data": "uP/gNqvgAIjgAIjgAIjgAIjgAIjgC4/guP/gKzw0",
        "height": 10,
        "width": 3
    },
    "^": {
        "advance": 6,
        "bearingX": 0,
        "bearingY": 8,
        "codePoint": 94,
        "data": "AACgpAAAAAAe9PEtAAAAkqGFtAAAFfUvEfA8AIS9AACBwwA=",
        "height": 5,
        "width": 7
    },
    "_": {
        "advance": 5,
        "bearingX": -1,
        "bearingY": 0,
        "codePoint": 95,
        "data": "ABAQEBAIBP////+MADw8PDwg",
        "height": 3,
        "width": 6
    },
    "`": {
        "advance": 4,
        "bearingX": 0,
        "bearingY": 9,
        "codePoint": 96,
        "data": "LoA9AABi4jY=",
        "height": 2,
        "width": 4
    },
    "a": {
        "advance": 7,
        "bearingX": 0,
        "bearingY": 6,
        "codePoint": 97,
        "data": "AI3k98ktAEtiavK0Ebv8///Pc/+MP97Qcv+FcfvQFcj4to3Q",
        "height": 6,
        "width": 6
    },
    "b": {
        "advance": 7,
        "bearingX": 0,
        "bearingY": 8,
        "codePoint": 98,
        "data": "JP+AAAAAACT/fwAAAAAk/6Xb7n0AJP/iWr//MiT/igBD/2gk/40ARP9nJP/kW77/MCT/ZdvteAA=",
        "height": 8,
        "width": 7
    },
    "c": {
        "advance": 6,
        "bearingX": 0,
        "bearingY": 6,
        "codePoint": 99,
        "data": "AF7b+NkiL/2+VnwCcv88AAAAcP87AAAAN/+9VYQYAHDh+NAS",
        "height": 6,
        "width": 6
    },
    "d": {
        "advance": 7,
        "bearingX": 0,
        "bearingY": 8,
        "codePoint": 100,
        "data": "AAAAAIj/HAAAAACH/xwAgu3UsP8cOf+5Wt//HHD/OAB8/xxx/zYAef8cO/+2Wdz/HACF79CA/xw=",
        "height": 8,
        "width": 7
    },
    "e": {
        "advance": 7,
        "bearingX": 0,
        "bearingY": 6,
        "codePoint": 101,
        "data": "AGHe9cIrAC/+rGXRzgBy//////0Ec/9pPDw8AS79xVZlcAAAWdj66HgA",
        "height": 6,
        "width": 7
    },
    "f": {
        "advance": 4,
        "bearingX": 0,
        "bearingY": 8,
        "codePoint": 102,
        "data": "AF/k+IcA2eRVJpD+//8wO+nVTA4A4MQAAADgxAAAAODEAAAA4MQAAA==",
        "height": 8,
        "width": 5
    },
    "g": {
        "advance": 7,
        "bearingX": 0,
        "bearingY": 6,
        "codePoint": 103,
        "data": "AIHt1pL/HDf/uFre/xxw/zoAev8ccf86AHX/HDv/t1jX/xwAiO/Tsf8cAAAAAJX/EB2eYF/s1QAXz/byviwA",
        "height": 9,
        "width": 7
    },
    "h": {
        "advance": 7,
        "bearingX": 0,
        "bearingY": 8,
        "codePoint": 104,
        "data": "JP+AAAAAACT/fgAAAAAk/6HQ86MDJP/tYKz/SyT/lQBA/2ck/4AAPP9oJP+AADz/aCT/gAA8/2g=",
        "height": 8,
        "width": 7
    },
    "i": {
        "advance": 3,
        "bearingX": 0,
        "bearingY": 8,
        "codePoint": 105,
        "data": "Fe9zADsSJP+AJP+AJP+AJP+AJP+AJP+A",
        "height": 8,
        "width": 3
    },
    "j": {
        "advance": 3,
        "bearingX": -1,
        "bearingY": 8,
        "codePoint": 106,
        "data": "ABXvcwAAOxIAJP+AACT/gAAk/4AAJP+AACT/gAAk/4AAJf9/Oov/YKr6ug0=",
        "height": 11,
        "width": 4
    },
    "k": {
        "advance": 7,
        "bearingX": 0,
        "bearingY": 8,
        "codePoint": 107,
        "data": "JP+AAAAAACT/gAAAAAAk/4ABofc/JP9+jvxPACT/zf+EAAAk//Pc4xMAJP+CLPeyACT/gABu/3E=",
        "height": 8,
        "width": 7
    },
    "l": {
        "advance": 3,
        "bearingX": 0,
        "bearingY": 8,
        "codePoint": 108,
        "data": "JP+AJP+AJP+AJP+AJP+AJP+AJP+AJP+A",
        "height": 8,
        "width": 3
    },
    "m": {
        "advance": 11,
        "bearingX": 0,
        "bearingY": 6,
        "codePoint": 109,
        "data": "JP9u1euIa+fnWST/6V3F/8Fb6+Ik/5IAbP9LAKz7JP+AAGj/PACo/CT/gABo/zwAqPwk/4AAaP88AKj8",
        "height": 6,
        "width": 10
    },
    "n": {
        "advance": 7,
        "bearingX": 0,
        "bearingY": 6,
        "codePoint": 110,
        "data": "JP901POkAyT/61+r/0sk/5QAQP9nJP+AADz/aCT/gAA8/2gk/4AAPP9o",
        "height": 6,
        "width": 7
    },
    "o": {
        "advance": 7,
        "bearingX": 0,
        "bearingY": 6,
        "codePoint": 111,
        "data": "AFXX98o1ACr7t1jW6wpt/zoAa/9Ccf87AGz/Oyn8uFjX5wsAV9z2yDYA",
        "height": 6,
        "width": 7
    },
    "p": {
        "advance": 7,
        "bearingX": 0,
        "bearingY": 6,
        "codePoint": 112,
        "data": "JP+A2+59ACT/4lq6/zIk/4oAQv9oJP+NAEP/ZyT/5Fu7/i4k/7Db7HYAJP9/AAAAACT/gAAAAAAk/4AAAAAA",
        "height": 9,
        "width": 7
    },
    "q": {
        "advance": 7,
        "bearingX": 0,
        "bearingY": 6,
        "codePoint": 113,
        "data": "AILt05P/HDn/t1re/xxw/zsAe/8ccf86AHj/HDv/t1ja/xwAhu/Yp/8cAAAAAIf/HAAAAACI/xwAAAAAiP8c",
        "height": 9,
        "width": 7
    },
    "r": {
        "advance": 5,
        "bearingX": 0,
        "bearingY": 6,
        "codePoint": 114,
        "data": "JP9p2LYk//R1NiT/lwAAJP+AAAAk/4AAACT/gAAA",
        "height": 6,
        "width": 5
    },
    "s": {
        "advance": 5,
        "bearingX": 0,
        "bearingY": 6,
        "codePoint": 115,
        "data": "Gb317JsAcf97aWcAL/Hidw0AABN78skAVXRSyfcCXOn632IA",
        "height": 6,
        "width": 6
    },
    "t": {
        "advance": 5,
        "bearingX": 0,
        "bearingY": 8,
        "codePoint": 116,
        "data": "ADpWAAAAs6wAAIL///9cOfrETBsA+KwAAAD4rAAAAOvbUiwAae3xVQ==",
        "height": 8,
        "width": 5
    },
    "u": {
        "advance": 7,
        "bearingX": 0,
        "bearingY": 6,
        "codePoint": 117,
        "data": "LP94AET/YCz/eABE/2As/3gARP9gK/96AFb/YBL+wzzA/2AAd+7qgPpg",
        "height": 6,
        "width": 7
    },
    "v": {
        "advance": 6,
        "bearingX": 0,
        "bearingY": 6,
        "codePoint": 118,
        "data": "z+EBAJ/7F27/OQbvsQAT+ZBN/08AAKvinugEAABK/+eLAAAAA+X/KQAA",
        "height": 6,
        "width": 7
    },
    "w": {
        "advance": 9,
        "bearingX": 0,
        "bearingY": 6,
        "codePoint": 119,
        "data": "wN0AUf+/AG//K3f/IJLY9ga04AAu/2PTavdB85cAAOWi/ifDov9NAACd6+sBiuz4CgAAVP+xAFH/uQAA",
        "height": 6,
        "width": 10
    },
    "x": {
        "advance": 6,
        "bearingX": 0,
        "bearingY": 6,
        "codePoint": 120,
        "data": "hP9RDuXZCQbU4Z39OQAANf3/iwAAAEj//58AAA7iz4D/SgCb/jgG2OUQ",
        "height": 6,
        "width": 7
    },
    "y": {
        "advance": 6,
        "bearingX": 0,
        "bearingY": 6,
        "codePoint": 121,
        "data": "z+8EAKj8GG7/RAbxuAAT+ZRH/1wAAKzjlfQLAABL/+qjAAAAA+b/RgAAAAC65gMAADJ0/3wAAACb85kFAAAA",
        "height": 9,
        "width": 7
    },
    "z": {
        "advance": 5,
        "bearingX": 0,
        "bearingY": 6,
        "codePoint": 122,
        "data": "iP////AAKExu/qEAAAfM1gsAAJT2LAAAVP+lTEwCtP////8I",
        "height": 6,
        "width": 6
    },
    "{": {
        "advance": 4,
        "bearingX": 0,
        "bearingY": 8,
        "codePoint": 123,
        "data": "ACjV3wBu/l0AdPQAFqzrANT1XgA8xuEAAHT0AABy+yUAP/zkAAAXMQ==",
        "height": 10,
        "width": 4
    },
    "|": {
        "advance": 6,
        "bearingX": 2,
        "bearingY": 8,
        "codePoint": 124,
        "data": "kKCQoJCgkKCQoJCgkKCQoJCgkKCQoA==",
        "height": 11,
        "width": 2
    },
    "}": {
        "advance": 4,
        "bearingX": 0,
        "bearingY": 8,
        "codePoint": 125,
        "data": "jullAAAz1MYAAACgzAAAAJfrKwMAI9z/LACN9FkKAKDMAAAQvcoAAJD/kAAAICcAAAA=",
        "height": 10,
        "width": 5
    },
    "~": {
        "advance": 6,
        "bearingX": 0,
        "bearingY": 6,
        "codePoint": 126,
        "data": "AAMBAAAAPO/pbx1+eFd47v+cBgAADSwC",
        "height": 4,
        "width": 6
    }
}
