{
    "hidden": false,
    "children": [{
        "hidden": false,
        "children": [
            {
                "hidden": false,
                "locked": false,
                "type": "PanelWidget",
                "properties": {
                    "HAlignment": {
                        "type": "TEXT",
                        "value": "Center"
                    },
                    "Scheme": {
                        "type": "SCHEME",
                        "value": "PanelScheme"
                    },
                    "AlphaAmount": {
                        "type": "INTEGER",
                        "value": 255
                    },
                    "Position": {
                        "X": {
                            "type": "INTEGER",
                            "value": 0
                        },
                        "Y": {
                            "type": "INTEGER",
                            "value": 98
                        }
                    },
                    "Size": {
                        "Height": {
                            "type": "INTEGER",
                            "value": 380
                        },
                        "Width": {
                            "type": "INTEGER",
                            "value": 700
                        }
                    },
                    "MarginRight": {
                        "type": "INTEGER",
                        "value": 4
                    },
                    "Enabled": {
                        "type": "BOOLEAN",
                        "value": true
                    },
                    "MarginTop": {
                        "type": "INTEGER",
                        "value": 4
                    },
                    "Name": {
                        "type": "TEXT",
                        "value": "PanelWidget2"
                    },
                    "AlphaEnable": {
                        "type": "BOOLEAN",
                        "value": false
                    },
                    "VAlignment": {
                        "type": "TEXT",
                        "value": "Middle"
                    },
                    "BackgroundType": {
                        "type": "TEXT",
                        "value": "Fill"
                    },
                    "MarginBottom": {
                        "type": "INTEGER",
                        "value": 4
                    },
                    "Visible": {
                        "type": "BOOLEAN",
                        "value": true
                    },
                    "BorderType": {
                        "type": "TEXT",
                        "value": "None"
                    },
                    "MarginLeft": {
                        "type": "INTEGER",
                        "value": 4
                    }
                }
            },
            {
                "hidden": false,
                "locked": false,
                "type": "PanelWidget",
                "properties": {
                    "HAlignment": {
                        "type": "TEXT",
                        "value": "Center"
                    },
                    "Scheme": {
                        "type": "SCHEME",
                        "value": "RightPanelscheme"
                    },
                    "AlphaAmount": {
                        "type": "INTEGER",
                        "value": 255
                    },
                    "Position": {
                        "X": {
                            "type": "INTEGER",
                            "value": 700
                        },
                        "Y": {
                            "type": "INTEGER",
                            "value": 99
                        }
                    },
                    "Size": {
                        "Height": {
                            "type": "INTEGER",
                            "value": 380
                        },
                        "Width": {
                            "type": "INTEGER",
                            "value": 100
                        }
                    },
                    "MarginRight": {
                        "type": "INTEGER",
                        "value": 4
                    },
                    "Enabled": {
                        "type": "BOOLEAN",
                        "value": true
                    },
                    "MarginTop": {
                        "type": "INTEGER",
                        "value": 4
                    },
                    "Name": {
                        "type": "TEXT",
                        "value": "PanelWidget3"
                    },
                    "AlphaEnable": {
                        "type": "BOOLEAN",
                        "value": false
                    },
                    "VAlignment": {
                        "type": "TEXT",
                        "value": "Middle"
                    },
                    "BackgroundType": {
                        "type": "TEXT",
                        "value": "Fill"
                    },
                    "MarginBottom": {
                        "type": "INTEGER",
                        "value": 4
                    },
                    "Visible": {
                        "type": "BOOLEAN",
                        "value": true
                    },
                    "BorderType": {
                        "type": "TEXT",
                        "value": "Bevel"
                    },
                    "MarginLeft": {
                        "type": "INTEGER",
                        "value": 4
                    }
                }
            },
            {
                "hidden": false,
                "locked": false,
                "type": "ImageWidget",
                "properties": {
                    "HAlignment": {
                        "type": "TEXT",
                        "value": "Center"
                    },
                    "Scheme": {
                        "type": "SCHEME",
                        "value": ""
                    },
                    "AlphaAmount": {
                        "type": "INTEGER",
                        "value": 255
                    },
                    "Position": {
                        "X": {
                            "type": "INTEGER",
                            "value": 716
                        },
                        "Y": {
                            "type": "INTEGER",
                            "value": 136
                        }
                    },
                    "Size": {
                        "Height": {
                            "type": "INTEGER",
                            "value": 50
                        },
                        "Width": {
                            "type": "INTEGER",
                            "value": 66
                        }
                    },
                    "MarginRight": {
                        "type": "INTEGER",
                        "value": 4
                    },
                    "Enabled": {
                        "type": "BOOLEAN",
                        "value": true
                    },
                    "MarginTop": {
                        "type": "INTEGER",
                        "value": 4
                    },
                    "Image": {
                        "type": "IMAGE",
                        "value": "Converted_135447_1586215954_M19899_medical_clear"
                    },
                    "Name": {
                        "type": "TEXT",
                        "value": "HeartImage1_level1"
                    },
                    "AlphaEnable": {
                        "type": "BOOLEAN",
                        "value": false
                    },
                    "VAlignment": {
                        "type": "TEXT",
                        "value": "Middle"
                    },
                    "BackgroundType": {
                        "type": "TEXT",
                        "value": "None"
                    },
                    "MarginBottom": {
                        "type": "INTEGER",
                        "value": 4
                    },
                    "Visible": {
                        "type": "BOOLEAN",
                        "value": true
                    },
                    "BorderType": {
                        "type": "TEXT",
                        "value": "None"
                    },
                    "MarginLeft": {
                        "type": "INTEGER",
                        "value": 4
                    }
                }
            },
            {
                "hidden": false,
                "locked": false,
                "type": "ImageWidget",
                "properties": {
                    "HAlignment": {
                        "type": "TEXT",
                        "value": "Center"
                    },
                    "Scheme": {
                        "type": "SCHEME",
                        "value": ""
                    },
                    "AlphaAmount": {
                        "type": "INTEGER",
                        "value": 255
                    },
                    "Position": {
                        "X": {
                            "type": "INTEGER",
                            "value": 716
                        },
                        "Y": {
                            "type": "INTEGER",
                            "value": 201
                        }
                    },
                    "Size": {
                        "Height": {
                            "type": "INTEGER",
                            "value": 50
                        },
                        "Width": {
                            "type": "INTEGER",
                            "value": 66
                        }
                    },
                    "MarginRight": {
                        "type": "INTEGER",
                        "value": 4
                    },
                    "Enabled": {
                        "type": "BOOLEAN",
                        "value": true
                    },
                    "MarginTop": {
                        "type": "INTEGER",
                        "value": 4
                    },
                    "Image": {
                        "type": "IMAGE",
                        "value": "Converted_135447_1586215954_M19899_medical_clear"
                    },
                    "Name": {
                        "type": "TEXT",
                        "value": "HeartImage2_level1"
                    },
                    "AlphaEnable": {
                        "type": "BOOLEAN",
                        "value": false
                    },
                    "VAlignment": {
                        "type": "TEXT",
                        "value": "Middle"
                    },
                    "BackgroundType": {
                        "type": "TEXT",
                        "value": "None"
                    },
                    "MarginBottom": {
                        "type": "INTEGER",
                        "value": 4
                    },
                    "Visible": {
                        "type": "BOOLEAN",
                        "value": true
                    },
                    "BorderType": {
                        "type": "TEXT",
                        "value": "None"
                    },
                    "MarginLeft": {
                        "type": "INTEGER",
                        "value": 4
                    }
                }
            },
            {
                "hidden": false,
                "locked": false,
                "type": "ImageWidget",
                "properties": {
                    "HAlignment": {
                        "type": "TEXT",
                        "value": "Center"
                    },
                    "Scheme": {
                        "type": "SCHEME",
                        "value": ""
                    },
                    "AlphaAmount": {
                        "type": "INTEGER",
                        "value": 255
                    },
                    "Position": {
                        "X": {
                            "type": "INTEGER",
                            "value": 716
                        },
                        "Y": {
                            "type": "INTEGER",
                            "value": 265
                        }
                    },
                    "Size": {
                        "Height": {
                            "type": "INTEGER",
                            "value": 50
                        },
                        "Width": {
                            "type": "INTEGER",
                            "value": 66
                        }
                    },
                    "MarginRight": {
                        "type": "INTEGER",
                        "value": 4
                    },
                    "Enabled": {
                        "type": "BOOLEAN",
                        "value": true
                    },
                    "MarginTop": {
                        "type": "INTEGER",
                        "value": 4
                    },
                    "Image": {
                        "type": "IMAGE",
                        "value": "Converted_135447_1586215954_M19899_medical_clear"
                    },
                    "Name": {
                        "type": "TEXT",
                        "value": "HeartImage3_level1"
                    },
                    "AlphaEnable": {
                        "type": "BOOLEAN",
                        "value": false
                    },
                    "VAlignment": {
                        "type": "TEXT",
                        "value": "Middle"
                    },
                    "BackgroundType": {
                        "type": "TEXT",
                        "value": "None"
                    },
                    "MarginBottom": {
                        "type": "INTEGER",
                        "value": 4
                    },
                    "Visible": {
                        "type": "BOOLEAN",
                        "value": true
                    },
                    "BorderType": {
                        "type": "TEXT",
                        "value": "None"
                    },
                    "MarginLeft": {
                        "type": "INTEGER",
                        "value": 4
                    }
                }
            },
            {
                "hidden": false,
                "locked": false,
                "type": "LabelWidget",
                "properties": {
                    "HAlignment": {
                        "type": "TEXT",
                        "value": "Center"
                    },
                    "Scheme": {
                        "type": "SCHEME",
                        "value": ""
                    },
                    "AlphaAmount": {
                        "type": "INTEGER",
                        "value": 255
                    },
                    "Position": {
                        "X": {
                            "type": "INTEGER",
                            "value": 702
                        },
                        "Y": {
                            "type": "INTEGER",
                            "value": 324
                        }
                    },
                    "Size": {
                        "Height": {
                            "type": "INTEGER",
                            "value": 33
                        },
                        "Width": {
                            "type": "INTEGER",
                            "value": 95
                        }
                    },
                    "MarginRight": {
                        "type": "INTEGER",
                        "value": 4
                    },
                    "Enabled": {
                        "type": "BOOLEAN",
                        "value": true
                    },
                    "MarginTop": {
                        "type": "INTEGER",
                        "value": 4
                    },
                    "Name": {
                        "type": "TEXT",
                        "value": "Snake_size_text_1"
                    },
                    "AlphaEnable": {
                        "type": "BOOLEAN",
                        "value": false
                    },
                    "VAlignment": {
                        "type": "TEXT",
                        "value": "Middle"
                    },
                    "BackgroundType": {
                        "type": "TEXT",
                        "value": "None"
                    },
                    "StringID": {
                        "type": "STRING",
                        "value": "Snake_Size_text"
                    },
                    "MarginBottom": {
                        "type": "INTEGER",
                        "value": 4
                    },
                    "Visible": {
                        "type": "BOOLEAN",
                        "value": true
                    },
                    "BorderType": {
                        "type": "TEXT",
                        "value": "None"
                    },
                    "MarginLeft": {
                        "type": "INTEGER",
                        "value": 4
                    }
                }
            },
            {
                "hidden": false,
                "locked": false,
                "type": "LabelWidget",
                "properties": {
                    "HAlignment": {
                        "type": "TEXT",
                        "value": "Center"
                    },
                    "Scheme": {
                        "type": "SCHEME",
                        "value": ""
                    },
                    "AlphaAmount": {
                        "type": "INTEGER",
                        "value": 255
                    },
                    "Position": {
                        "X": {
                            "type": "INTEGER",
                            "value": 702
                        },
                        "Y": {
                            "type": "INTEGER",
                            "value": 104
                        }
                    },
                    "Size": {
                        "Height": {
                            "type": "INTEGER",
                            "value": 33
                        },
                        "Width": {
                            "type": "INTEGER",
                            "value": 95
                        }
                    },
                    "MarginRight": {
                        "type": "INTEGER",
                        "value": 4
                    },
                    "Enabled": {
                        "type": "BOOLEAN",
                        "value": true
                    },
                    "MarginTop": {
                        "type": "INTEGER",
                        "value": 4
                    },
                    "Name": {
                        "type": "TEXT",
                        "value": "LIfe_text_1"
                    },
                    "AlphaEnable": {
                        "type": "BOOLEAN",
                        "value": false
                    },
                    "VAlignment": {
                        "type": "TEXT",
                        "value": "Middle"
                    },
                    "BackgroundType": {
                        "type": "TEXT",
                        "value": "None"
                    },
                    "StringID": {
                        "type": "STRING",
                        "value": "Snake_Lifes_label"
                    },
                    "MarginBottom": {
                        "type": "INTEGER",
                        "value": 4
                    },
                    "Visible": {
                        "type": "BOOLEAN",
                        "value": true
                    },
                    "BorderType": {
                        "type": "TEXT",
                        "value": "None"
                    },
                    "MarginLeft": {
                        "type": "INTEGER",
                        "value": 4
                    }
                }
            },
            {
                "hidden": false,
                "locked": false,
                "type": "LabelWidget",
                "properties": {
                    "HAlignment": {
                        "type": "TEXT",
                        "value": "Center"
                    },
                    "Scheme": {
                        "type": "SCHEME",
                        "value": ""
                    },
                    "AlphaAmount": {
                        "type": "INTEGER",
                        "value": 255
                    },
                    "Position": {
                        "X": {
                            "type": "INTEGER",
                            "value": 710
                        },
                        "Y": {
                            "type": "INTEGER",
                            "value": 350
                        }
                    },
                    "Size": {
                        "Height": {
                            "type": "INTEGER",
                            "value": 32
                        },
                        "Width": {
                            "type": "INTEGER",
                            "value": 80
                        }
                    },
                    "MarginRight": {
                        "type": "INTEGER",
                        "value": 4
                    },
                    "Enabled": {
                        "type": "BOOLEAN",
                        "value": true
                    },
                    "MarginTop": {
                        "type": "INTEGER",
                        "value": 4
                    },
                    "Name": {
                        "type": "TEXT",
                        "value": "Snake_size_value_level1"
                    },
                    "AlphaEnable": {
                        "type": "BOOLEAN",
                        "value": false
                    },
                    "VAlignment": {
                        "type": "TEXT",
                        "value": "Middle"
                    },
                    "BackgroundType": {
                        "type": "TEXT",
                        "value": "None"
                    },
                    "StringID": {
                        "type": "STRING",
                        "value": "Snake_size_value_level_1"
                    },
                    "MarginBottom": {
                        "type": "INTEGER",
                        "value": 4
                    },
                    "Visible": {
                        "type": "BOOLEAN",
                        "value": true
                    },
                    "BorderType": {
                        "type": "TEXT",
                        "value": "Line"
                    },
                    "MarginLeft": {
                        "type": "INTEGER",
                        "value": 4
                    }
                }
            },
            {
                "hidden": false,
                "locked": false,
                "type": "GradientWidget",
                "properties": {
                    "HAlignment": {
                        "type": "TEXT",
                        "value": "Center"
                    },
                    "Scheme": {
                        "type": "SCHEME",
                        "value": "Gradient_scheme"
                    },
                    "AlphaAmount": {
                        "type": "INTEGER",
                        "value": 255
                    },
                    "Position": {
                        "X": {
                            "type": "INTEGER",
                            "value": 0
                        },
                        "Y": {
                            "type": "INTEGER",
                            "value": 0
                        }
                    },
                    "Size": {
                        "Height": {
                            "type": "INTEGER",
                            "value": 100
                        },
                        "Width": {
                            "type": "INTEGER",
                            "value": 800
                        }
                    },
                    "MarginRight": {
                        "type": "INTEGER",
                        "value": 4
                    },
                    "Enabled": {
                        "type": "BOOLEAN",
                        "value": true
                    },
                    "MarginTop": {
                        "type": "INTEGER",
                        "value": 4
                    },
                    "Direction": {
                        "type": "TEXT",
                        "value": "Down"
                    },
                    "Name": {
                        "type": "TEXT",
                        "value": "GradientWidget0"
                    },
                    "AlphaEnable": {
                        "type": "BOOLEAN",
                        "value": false
                    },
                    "VAlignment": {
                        "type": "TEXT",
                        "value": "Middle"
                    },
                    "BackgroundType": {
                        "type": "TEXT",
                        "value": "Fill"
                    },
                    "MarginBottom": {
                        "type": "INTEGER",
                        "value": 4
                    },
                    "Visible": {
                        "type": "BOOLEAN",
                        "value": true
                    },
                    "BorderType": {
                        "type": "TEXT",
                        "value": "None"
                    },
                    "MarginLeft": {
                        "type": "INTEGER",
                        "value": 4
                    }
                }
            },
            {
                "hidden": false,
                "locked": false,
                "type": "ImageWidget",
                "properties": {
                    "HAlignment": {
                        "type": "TEXT",
                        "value": "Center"
                    },
                    "Scheme": {
                        "type": "SCHEME",
                        "value": ""
                    },
                    "AlphaAmount": {
                        "type": "INTEGER",
                        "value": 255
                    },
                    "Position": {
                        "X": {
                            "type": "INTEGER",
                            "value": 4
                        },
                        "Y": {
                            "type": "INTEGER",
                            "value": 3
                        }
                    },
                    "Size": {
                        "Height": {
                            "type": "INTEGER",
                            "value": 58
                        },
                        "Width": {
                            "type": "INTEGER",
                            "value": 250
                        }
                    },
                    "MarginRight": {
                        "type": "INTEGER",
                        "value": 4
                    },
                    "Enabled": {
                        "type": "BOOLEAN",
                        "value": true
                    },
                    "MarginTop": {
                        "type": "INTEGER",
                        "value": 4
                    },
                    "Image": {
                        "type": "IMAGE",
                        "value": "MicrochipLogoHorizontalWhiteRed"
                    },
                    "Name": {
                        "type": "TEXT",
                        "value": "ImageWidget0"
                    },
                    "AlphaEnable": {
                        "type": "BOOLEAN",
                        "value": false
                    },
                    "VAlignment": {
                        "type": "TEXT",
                        "value": "Middle"
                    },
                    "BackgroundType": {
                        "type": "TEXT",
                        "value": "None"
                    },
                    "MarginBottom": {
                        "type": "INTEGER",
                        "value": 4
                    },
                    "Visible": {
                        "type": "BOOLEAN",
                        "value": true
                    },
                    "BorderType": {
                        "type": "TEXT",
                        "value": "None"
                    },
                    "MarginLeft": {
                        "type": "INTEGER",
                        "value": 4
                    }
                }
            },
            {
                "hidden": false,
                "locked": false,
                "type": "LabelWidget",
                "properties": {
                    "HAlignment": {
                        "type": "TEXT",
                        "value": "Left"
                    },
                    "Scheme": {
                        "type": "SCHEME",
                        "value": "Game_Over_scheme"
                    },
                    "AlphaAmount": {
                        "type": "INTEGER",
                        "value": 255
                    },
                    "Position": {
                        "X": {
                            "type": "INTEGER",
                            "value": 156
                        },
                        "Y": {
                            "type": "INTEGER",
                            "value": 151
                        }
                    },
                    "Size": {
                        "Height": {
                            "type": "INTEGER",
                            "value": 232
                        },
                        "Width": {
                            "type": "INTEGER",
                            "value": 427
                        }
                    },
                    "MarginRight": {
                        "type": "INTEGER",
                        "value": 4
                    },
                    "Enabled": {
                        "type": "BOOLEAN",
                        "value": true
                    },
                    "MarginTop": {
                        "type": "INTEGER",
                        "value": 4
                    },
                    "Name": {
                        "type": "TEXT",
                        "value": "Game_Over_level1"
                    },
                    "AlphaEnable": {
                        "type": "BOOLEAN",
                        "value": false
                    },
                    "VAlignment": {
                        "type": "TEXT",
                        "value": "Middle"
                    },
                    "BackgroundType": {
                        "type": "TEXT",
                        "value": "Fill"
                    },
                    "StringID": {
                        "type": "STRING",
                        "value": "Game_Over_Text"
                    },
                    "MarginBottom": {
                        "type": "INTEGER",
                        "value": 4
                    },
                    "Visible": {
                        "type": "BOOLEAN",
                        "value": false
                    },
                    "BorderType": {
                        "type": "TEXT",
                        "value": "None"
                    },
                    "MarginLeft": {
                        "type": "INTEGER",
                        "value": 4
                    }
                }
            },
            {
                "hidden": false,
                "locked": false,
                "type": "LabelWidget",
                "properties": {
                    "HAlignment": {
                        "type": "TEXT",
                        "value": "Left"
                    },
                    "Scheme": {
                        "type": "SCHEME",
                        "value": "Title_text_scheme"
                    },
                    "AlphaAmount": {
                        "type": "INTEGER",
                        "value": 255
                    },
                    "Position": {
                        "X": {
                            "type": "INTEGER",
                            "value": 210
                        },
                        "Y": {
                            "type": "INTEGER",
                            "value": 38
                        }
                    },
                    "Size": {
                        "Height": {
                            "type": "INTEGER",
                            "value": 53
                        },
                        "Width": {
                            "type": "INTEGER",
                            "value": 384
                        }
                    },
                    "MarginRight": {
                        "type": "INTEGER",
                        "value": 4
                    },
                    "Enabled": {
                        "type": "BOOLEAN",
                        "value": true
                    },
                    "MarginTop": {
                        "type": "INTEGER",
                        "value": 4
                    },
                    "Name": {
                        "type": "TEXT",
                        "value": "Title_label_game_level_1"
                    },
                    "AlphaEnable": {
                        "type": "BOOLEAN",
                        "value": false
                    },
                    "VAlignment": {
                        "type": "TEXT",
                        "value": "Middle"
                    },
                    "BackgroundType": {
                        "type": "TEXT",
                        "value": "None"
                    },
                    "StringID": {
                        "type": "STRING",
                        "value": "Game_title_label"
                    },
                    "MarginBottom": {
                        "type": "INTEGER",
                        "value": 4
                    },
                    "Visible": {
                        "type": "BOOLEAN",
                        "value": true
                    },
                    "BorderType": {
                        "type": "TEXT",
                        "value": "None"
                    },
                    "MarginLeft": {
                        "type": "INTEGER",
                        "value": 4
                    }
                }
            },
            {
                "hidden": false,
                "locked": false,
                "type": "LabelWidget",
                "properties": {
                    "HAlignment": {
                        "type": "TEXT",
                        "value": "Center"
                    },
                    "Scheme": {
                        "type": "SCHEME",
                        "value": "Game_Over_scheme"
                    },
                    "AlphaAmount": {
                        "type": "INTEGER",
                        "value": 255
                    },
                    "Position": {
                        "X": {
                            "type": "INTEGER",
                            "value": 156
                        },
                        "Y": {
                            "type": "INTEGER",
                            "value": 151
                        }
                    },
                    "Size": {
                        "Height": {
                            "type": "INTEGER",
                            "value": 232
                        },
                        "Width": {
                            "type": "INTEGER",
                            "value": 427
                        }
                    },
                    "MarginRight": {
                        "type": "INTEGER",
                        "value": 4
                    },
                    "Enabled": {
                        "type": "BOOLEAN",
                        "value": true
                    },
                    "MarginTop": {
                        "type": "INTEGER",
                        "value": 4
                    },
                    "Name": {
                        "type": "TEXT",
                        "value": "Game_Won_level1"
                    },
                    "AlphaEnable": {
                        "type": "BOOLEAN",
                        "value": false
                    },
                    "VAlignment": {
                        "type": "TEXT",
                        "value": "Middle"
                    },
                    "BackgroundType": {
                        "type": "TEXT",
                        "value": "Fill"
                    },
                    "StringID": {
                        "type": "STRING",
                        "value": "Game_Won_Text"
                    },
                    "MarginBottom": {
                        "type": "INTEGER",
                        "value": 4
                    },
                    "Visible": {
                        "type": "BOOLEAN",
                        "value": false
                    },
                    "BorderType": {
                        "type": "TEXT",
                        "value": "None"
                    },
                    "MarginLeft": {
                        "type": "INTEGER",
                        "value": 4
                    }
                }
            }
        ],
        "locked": false,
        "type": "Layer",
        "properties": {
            "AlphaAmount": {
                "type": "INTEGER",
                "value": 255
            },
            "Visible": {
                "type": "BOOLEAN",
                "value": true
            },
            "Name": {
                "type": "TEXT",
                "value": "Layer0"
            },
            "AlphaEnable": {
                "type": "BOOLEAN",
                "value": false
            }
        }
    }],
    "locked": false,
    "properties": {
        "Active": {
            "type": "BOOLEAN",
            "value": false
        },
        "CreateAtStartup": {
            "type": "BOOLEAN",
            "value": false
        },
        "Primary": {
            "type": "BOOLEAN",
            "value": false
        },
        "Visible": {
            "type": "BOOLEAN",
            "value": true
        },
        "Export": {
            "type": "BOOLEAN",
            "value": true
        },
        "Persistent": {
            "type": "BOOLEAN",
            "value": false
        },
        "HideEvent": {
            "type": "BOOLEAN",
            "value": false
        },
        "Name": {
            "type": "TEXT",
            "value": "Game_Level1"
        },
        "ShowEvent": {
            "type": "BOOLEAN",
            "value": false
        },
        "UpdateEvent": {
            "type": "BOOLEAN",
            "value": false
        }
    },
    "events": {
        "HideEvent": {
            "mode": "GENERATE",
            "pretty_name": "On Hide",
            "name": "HideEvent",
            "enabled": "false"
        },
        "ShowEvent": {
            "mode": "GENERATE",
            "pretty_name": "On Show",
            "name": "ShowEvent",
            "enabled": "false"
        },
        "UpdateEvent": {
            "mode": "GENERATE",
            "pretty_name": "On Update",
            "name": "UpdateEvent",
            "enabled": "false"
        }
    }
}