{
    "sourceFileName": "usb_icon1.png",
    "sourceFileFormat": "Raw",
    "folder": "/",
    "operations": [{
        "x": 16,
        "width": 78,
        "y": 17,
        "type": "Resize",
        "height": 56
    }],
    "sourceFileWidth": 104,
    "sourceFileHeight": 92,
    "imageType": "Raw",
    "properties": {
        "OutputSize": {
            "Height": {
                "type": "INTEGER",
                "value": 56
            },
            "Width": {
                "type": "INTEGER",
                "value": 78
            }
        },
        "OutputMode": {
            "type": "TEXT",
            "value": "ARGB_8888"
        },
        "ImportSize": {
            "Height": {
                "type": "INTEGER",
                "value": 92
            },
            "Width": {
                "type": "INTEGER",
                "value": 104
            }
        },
        "OutputFormat": {
            "type": "TEXT",
            "value": "Raw"
        },
        "MaskColor": {
            "Red": {
                "type": "FLOAT",
                "value": 0
            },
            "Gray": {
                "type": "FLOAT",
                "value": 0
            },
            "OutputMode": {
                "type": "TEXT",
                "value": "ARGB_8888"
            },
            "Blue": {
                "type": "FLOAT",
                "value": 0
            },
            "Alpha": {
                "type": "FLOAT",
                "value": 1
            },
            "type": "COLOR",
            "Green": {
                "type": "FLOAT",
                "value": 0
            }
        },
        "GeneratePalette": {
            "type": "BOOLEAN",
            "value": false
        },
        "BitsPerPixel": {
            "type": "INTEGER",
            "value": 4
        },
        "UniquePixelCount": {
            "type": "INTEGER",
            "value": 514
        },
        "MemoryLocation": {
            "type": "MEMORY_LOC",
            "value": "Internal Flash"
        },
        "SizeBytes": {
            "type": "INTEGER",
            "value": 17472
        },
        "MaskEnable": {
            "type": "BOOLEAN",
            "value": false
        },
        "Name": {
            "type": "TEXT",
            "value": "usb_icon1"
        }
    }
}