{"defaultLanguage":-1,"stringTree":{"root":[]},"languages":[{"name":"default","enabled":true},{"name":"New_Language","enabled":true}],"strings":[{"folder":"/","strings":["Game Over!",""],"name":"Game_Over_Text"},{"folder":"/","strings":["Game Won!",""],"name":"Game_Won_Text"},{"folder":"/","strings":["Harmony 3 Snake Game",""],"name":"Game_title_label"},{"folder":"/","strings":["Level 1",""],"name":"Level1"},{"folder":"/","strings":["Level 2",""],"name":"Level2"},{"folder":"/","strings":["Level 3",""],"name":"Level3"},{"folder":"/","strings":["Lives",""],"name":"Snake_Lifes_label"},{"folder":"/","strings":["Snake size",""],"name":"Snake_Size_text"},{"folder":"/","strings":["1",""],"name":"Snake_size_value_level_1"},{"folder":"/","strings":["1",""],"name":"Snake_size_value_level_2"}],"encoding":"ASCII"}