[
    {
        "name": "Snake_Size_text",
        "language": 0,
        "font": "Snake_size_text"
    },
    {
        "name": "Game_Over_Text",
        "language": 0,
        "font": "Game_Over_label"
    },
    {
        "name": "Snake_Lifes_label",
        "language": 0,
        "font": "Snake_life_label"
    },
    {
        "name": "Level1",
        "language": 0,
        "font": "Level_label_font"
    },
    {
        "name": "Level3",
        "language": 0,
        "font": "Level_label_font"
    },
    {
        "name": "Game_Won_Text",
        "language": 0,
        "font": "Game_Over_label"
    },
    {
        "name": "Snake_Size_text",
        "language": 1,
        "font": ""
    },
    {
        "name": "Snake_size_value_level_1",
        "language": 0,
        "font": "Snake_size_text"
    },
    {
        "name": "Snake_size_value_level_2",
        "language": 0,
        "font": "Snake_size_text"
    },
    {
        "name": "Game_title_label",
        "language": 0,
        "font": "Game_title_font"
    },
    {
        "name": "Level2",
        "language": 0,
        "font": "Level_label_font"
    }
]