{
    "images": [
        {
            "id": "{1cd204f3-a61a-4c47-82f1-bb376410d4ca}",
            "name": "mchpLogo",
            "type": "RGB"
        },
        {
            "id": "{fe12b837-3739-45eb-82d4-4ec75fdd40c2}",
            "name": "sdcard_sm",
            "type": "RGB"
        },
        {
            "id": "{550a6fa9-5970-47f9-b577-4628f84f2e1f}",
            "name": "usb_icon_sm",
            "type": "RGB"
        },
        {
            "id": "{32a9ac17-927d-407c-8bad-c34814159e38}",
            "name": "mplabharmonylogo",
            "type": "RGB"
        },
        {
            "id": "{f4f0134d-ea85-431c-b11c-a6df0c02d471}",
            "name": "usbicon",
            "type": "RGB"
        },
        {
            "id": "{068cc5e5-0ccb-4682-bcae-29d05bbc1550}",
            "name": "harmony",
            "type": "RGB"
        },
        {
            "id": "{1d533d2e-4440-46fa-9e1c-0e4747110222}",
            "name": "forward_music",
            "type": "RGB"
        },
        {
            "id": "{d9da6b01-1a95-4bcc-b96f-91559b69149b}",
            "name": "play_pause_music_0",
            "type": "RGB"
        },
        {
            "id": "{5e929df1-7ef7-4af5-a482-8148ee45826a}",
            "name": "rewind_music",
            "type": "RGB"
        },
        {
            "id": "{3aac913f-1ff9-4f1c-a35a-46aeef3a1760}",
            "name": "music_icon_1",
            "type": "RGB"
        },
        {
            "id": "{4b085a12-6c73-41ee-826d-6bbd42152966}",
            "name": "music_icon_3",
            "type": "RGB"
        },
        {
            "id": "{dd05c4be-8611-46d7-9630-c520bd268b2c}",
            "name": "sdcard1_1",
            "type": "RGB"
        }
    ],
    "paths": [
    ]
}
