{
    "images": [
        {
            "id": "{5738d520-d41e-453b-8aec-d2a25d472604}",
            "name": "MHGS_logo_smaller",
            "type": "RGB"
        },
        {
            "id": "{17ae45e4-9e84-446c-95df-93a8a7c644ad}",
            "name": "QuickstartDown_WQVGA",
            "type": "RGB"
        },
        {
            "id": "{a5ec0802-9bcd-4d10-97a3-9fb44c107edd}",
            "name": "QuickstartUp_WQVGA",
            "type": "RGB"
        },
        {
            "id": "{7ba7fc8c-94e0-403d-883d-b3be62341893}",
            "name": "mchp_large",
            "type": "RGB"
        },
        {
            "id": "{a88f7c79-e0ff-42fd-a79e-5aac23600e5b}",
            "name": "mchpLogo_small",
            "type": "RGB"
        },
        {
            "id": "{e05086b0-b567-48c0-b350-9ba8306964c5}",
            "name": "close",
            "type": "RGB"
        },
        {
            "id": "{1d894878-fb3e-428b-ba9a-c1aa72ffa5fa}",
            "name": "MHGS_logo_small_jpeg",
            "type": "RGB"
        }
    ],
    "paths": [
    ]
}
