{
    "sourceFileName": "Playpause.png",
    "sourceFileFormat": "Raw",
    "folder": "/",
    "operations": [
        {
            "newSize": {
                "width": 160,
                "height": 120
            },
            "type": "Resize",
            "oldSize": {
                "width": 233,
                "height": 175
            }
        },
        {
            "newSize": {
                "width": 120,
                "height": 90
            },
            "type": "Resize",
            "oldSize": {
                "width": 160,
                "height": 120
            }
        },
        {
            "newSize": {
                "width": 100,
                "height": 75
            },
            "type": "Resize",
            "oldSize": {
                "width": 120,
                "height": 90
            }
        }
    ],
    "sourceFileWidth": 233,
    "sourceFileHeight": 175,
    "imageType": "Raw",
    "properties": {
        "OutputSize": {
            "Height": {
                "type": "INTEGER",
                "value": 75
            },
            "Width": {
                "type": "INTEGER",
                "value": 100
            }
        },
        "OutputMode": {
            "type": "TEXT",
            "value": "RGBA_8888"
        },
        "ImportSize": {
            "Height": {
                "type": "INTEGER",
                "value": 175
            },
            "Width": {
                "type": "INTEGER",
                "value": 233
            }
        },
        "OutputFormat": {
            "type": "TEXT",
            "value": "Raw"
        },
        "MaskColor": {
            "Red": {
                "type": "FLOAT",
                "value": 0
            },
            "Gray": {
                "type": "FLOAT",
                "value": 0
            },
            "OutputMode": {
                "type": "TEXT",
                "value": "RGBA_8888"
            },
            "Blue": {
                "type": "FLOAT",
                "value": 0
            },
            "Alpha": {
                "type": "FLOAT",
                "value": 0.39215687
            },
            "type": "COLOR",
            "Green": {
                "type": "FLOAT",
                "value": 0
            }
        },
        "GeneratePalette": {
            "type": "BOOLEAN",
            "value": true
        },
        "BitsPerPixel": {
            "type": "INTEGER",
            "value": 4
        },
        "UniquePixelCount": {
            "type": "INTEGER",
            "value": 159
        },
        "MemoryLocation": {
            "type": "MEMORY_LOC",
            "value": "Internal Flash"
        },
        "SizeBytes": {
            "type": "INTEGER",
            "value": 7500
        },
        "MaskEnable": {
            "type": "BOOLEAN",
            "value": false
        },
        "Name": {
            "type": "TEXT",
            "value": "Playpause"
        }
    }
}