{
    "activeLayer": "{bfb15aa0-955f-4305-a68c-931d30bc5b48}",
    "events": {
        "hideEvent": {
            "enabled": "true",
            "properties": {
                "__categories": [
                ],
                "__groups": [
                ],
                "enabled": {
                    "enabled": true,
                    "type": "boolean",
                    "value": true,
                    "visible": true
                },
                "id": {
                    "enabled": true,
                    "type": "uuid",
                    "value": "{0efad7b3-ae16-45f7-9eb0-b32419fcc573}",
                    "visible": true
                }
            }
        },
        "showEvent": {
            "enabled": "true",
            "properties": {
                "__categories": [
                ],
                "__groups": [
                ],
                "enabled": {
                    "enabled": true,
                    "type": "boolean",
                    "value": true,
                    "visible": true
                },
                "id": {
                    "enabled": true,
                    "type": "uuid",
                    "value": "{ea809fed-a81c-4292-b7d7-617b77c15abf}",
                    "visible": true
                }
            }
        },
        "updateEvent": {
            "enabled": "false",
            "properties": {
                "__categories": [
                ],
                "__groups": [
                ],
                "enabled": {
                    "enabled": true,
                    "type": "boolean",
                    "value": false,
                    "visible": true
                },
                "id": {
                    "enabled": true,
                    "type": "uuid",
                    "value": "{40f10b60-9817-4cad-b815-efa6882bda39}",
                    "visible": true
                }
            }
        }
    },
    "layers": [
        {
            "children": [
                {
                    "children": [
                        {
                            "children": [
                                {
                                    "events": {
                                        "pressEvent": {
                                            "enabled": "true",
                                            "properties": {
                                                "__categories": [
                                                ],
                                                "__groups": [
                                                ],
                                                "enabled": {
                                                    "enabled": true,
                                                    "type": "boolean",
                                                    "value": true,
                                                    "visible": true
                                                },
                                                "id": {
                                                    "enabled": true,
                                                    "type": "uuid",
                                                    "value": "{d572b36c-e471-4a2a-95c9-1169a5ee396c}",
                                                    "visible": true
                                                }
                                            }
                                        },
                                        "releaseEvent": {
                                            "enabled": "true",
                                            "properties": {
                                                "__categories": [
                                                ],
                                                "__groups": [
                                                ],
                                                "enabled": {
                                                    "enabled": true,
                                                    "type": "boolean",
                                                    "value": true,
                                                    "visible": true
                                                },
                                                "id": {
                                                    "enabled": true,
                                                    "type": "uuid",
                                                    "value": "{795e4dff-6819-4536-8d06-d6e968bf42ba}",
                                                    "visible": true
                                                }
                                            }
                                        }
                                    },
                                    "properties": {
                                        "__categories": [
                                            {
                                                "expanded": true,
                                                "id": "widget",
                                                "visible": true
                                            },
                                            {
                                                "expanded": true,
                                                "id": "button",
                                                "visible": true
                                            },
                                            {
                                                "expanded": true,
                                                "id": "event",
                                                "visible": true
                                            },
                                            {
                                                "expanded": true,
                                                "id": "editorOptions",
                                                "visible": true
                                            }
                                        ],
                                        "__groups": [
                                            {
                                                "expanded": false,
                                                "id": "position",
                                                "visible": true
                                            },
                                            {
                                                "expanded": false,
                                                "id": "size",
                                                "visible": true
                                            },
                                            {
                                                "expanded": false,
                                                "id": "alignment",
                                                "visible": true
                                            },
                                            {
                                                "expanded": false,
                                                "id": "margins",
                                                "visible": true
                                            }
                                        ],
                                        "alphaEnable": {
                                            "enabled": true,
                                            "type": "boolean",
                                            "value": false,
                                            "visible": true
                                        },
                                        "alphaLevel": {
                                            "enabled": true,
                                            "type": "integer",
                                            "value": 255,
                                            "visible": true
                                        },
                                        "background": {
                                            "enabled": true,
                                            "type": "combo",
                                            "value": 0,
                                            "visible": true
                                        },
                                        "border": {
                                            "enabled": true,
                                            "type": "combo",
                                            "value": 0,
                                            "visible": true
                                        },
                                        "editorExpanded": {
                                            "enabled": true,
                                            "type": "boolean",
                                            "value": true,
                                            "visible": true
                                        },
                                        "editorHidden": {
                                            "enabled": true,
                                            "type": "boolean",
                                            "value": false,
                                            "visible": true
                                        },
                                        "editorLocked": {
                                            "enabled": true,
                                            "type": "boolean",
                                            "value": false,
                                            "visible": true
                                        },
                                        "enabled": {
                                            "enabled": true,
                                            "type": "boolean",
                                            "value": true,
                                            "visible": true
                                        },
                                        "halign": {
                                            "enabled": true,
                                            "type": "combo",
                                            "value": 1,
                                            "visible": true
                                        },
                                        "height": {
                                            "enabled": true,
                                            "type": "integer",
                                            "value": 62,
                                            "visible": true
                                        },
                                        "id": {
                                            "enabled": true,
                                            "type": "uuid",
                                            "value": "{881398c8-44ba-48c5-8bdc-61884cff454a}",
                                            "visible": true
                                        },
                                        "imageMargin": {
                                            "enabled": true,
                                            "type": "integer",
                                            "value": 10,
                                            "visible": true
                                        },
                                        "imagePosition": {
                                            "enabled": true,
                                            "type": "combo",
                                            "value": 0,
                                            "visible": true
                                        },
                                        "marginBottom": {
                                            "enabled": true,
                                            "type": "integer",
                                            "value": 4,
                                            "visible": true
                                        },
                                        "marginLeft": {
                                            "enabled": true,
                                            "type": "integer",
                                            "value": 4,
                                            "visible": true
                                        },
                                        "marginRight": {
                                            "enabled": true,
                                            "type": "integer",
                                            "value": 4,
                                            "visible": true
                                        },
                                        "marginTop": {
                                            "enabled": true,
                                            "type": "integer",
                                            "value": 4,
                                            "visible": true
                                        },
                                        "name": {
                                            "enabled": true,
                                            "type": "text",
                                            "value": "btnChoose",
                                            "visible": true
                                        },
                                        "pressOffset": {
                                            "enabled": true,
                                            "type": "integer",
                                            "value": 1,
                                            "visible": true
                                        },
                                        "pressed": {
                                            "enabled": true,
                                            "type": "boolean",
                                            "value": false,
                                            "visible": false
                                        },
                                        "pressedImage": {
                                            "enabled": true,
                                            "type": "image",
                                            "value": "",
                                            "visible": true
                                        },
                                        "releasedImage": {
                                            "enabled": true,
                                            "type": "image",
                                            "value": "",
                                            "visible": true
                                        },
                                        "scheme": {
                                            "enabled": true,
                                            "type": "scheme",
                                            "value": "{00000000-0000-0000-0000-000000000000}",
                                            "visible": true
                                        },
                                        "string": {
                                            "enabled": true,
                                            "type": "string",
                                            "value": "{00000000-0000-0000-0000-000000000000}",
                                            "visible": true
                                        },
                                        "toggleable": {
                                            "enabled": true,
                                            "type": "boolean",
                                            "value": false,
                                            "visible": true
                                        },
                                        "valign": {
                                            "enabled": true,
                                            "type": "combo",
                                            "value": 1,
                                            "visible": true
                                        },
                                        "visible": {
                                            "enabled": true,
                                            "type": "boolean",
                                            "value": true,
                                            "visible": true
                                        },
                                        "width": {
                                            "enabled": true,
                                            "type": "integer",
                                            "value": 65,
                                            "visible": true
                                        },
                                        "x": {
                                            "enabled": true,
                                            "type": "integer",
                                            "value": 47,
                                            "visible": true
                                        },
                                        "y": {
                                            "enabled": true,
                                            "type": "integer",
                                            "value": 184,
                                            "visible": true
                                        }
                                    },
                                    "type": "ButtonWidget"
                                }
                            ],
                            "events": {
                                "selectionChangedEvent": {
                                    "enabled": "true",
                                    "properties": {
                                        "__categories": [
                                        ],
                                        "__groups": [
                                        ],
                                        "enabled": {
                                            "enabled": true,
                                            "type": "boolean",
                                            "value": true,
                                            "visible": true
                                        },
                                        "id": {
                                            "enabled": true,
                                            "type": "uuid",
                                            "value": "{64e34085-c8e1-4227-bf2b-21cab01f1f1e}",
                                            "visible": true
                                        }
                                    }
                                }
                            },
                            "items": [
                                {
                                    "__categories": [
                                        {
                                            "expanded": true,
                                            "id": "listItem",
                                            "visible": true
                                        }
                                    ],
                                    "__groups": [
                                    ],
                                    "image": {
                                        "enabled": true,
                                        "type": "image",
                                        "value": "{779d73b9-cf88-431e-bc3f-d23c7ac97833}",
                                        "visible": true
                                    },
                                    "name": {
                                        "enabled": true,
                                        "type": "text",
                                        "value": "Item 0",
                                        "visible": true
                                    },
                                    "string": {
                                        "enabled": true,
                                        "type": "string",
                                        "value": "{00000000-0000-0000-0000-000000000000}",
                                        "visible": true
                                    }
                                },
                                {
                                    "__categories": [
                                        {
                                            "expanded": true,
                                            "id": "listItem",
                                            "visible": true
                                        }
                                    ],
                                    "__groups": [
                                    ],
                                    "image": {
                                        "enabled": true,
                                        "type": "image",
                                        "value": "{214ccdc5-3ca6-4037-be23-7071aeec702c}",
                                        "visible": true
                                    },
                                    "name": {
                                        "enabled": true,
                                        "type": "text",
                                        "value": "Item 1",
                                        "visible": true
                                    },
                                    "string": {
                                        "enabled": true,
                                        "type": "string",
                                        "value": "{00000000-0000-0000-0000-000000000000}",
                                        "visible": true
                                    }
                                },
                                {
                                    "__categories": [
                                        {
                                            "expanded": true,
                                            "id": "listItem",
                                            "visible": true
                                        }
                                    ],
                                    "__groups": [
                                    ],
                                    "image": {
                                        "enabled": true,
                                        "type": "image",
                                        "value": "{6987ff81-b985-4803-a701-8e69db6dde4b}",
                                        "visible": true
                                    },
                                    "name": {
                                        "enabled": true,
                                        "type": "text",
                                        "value": "Item 2",
                                        "visible": true
                                    },
                                    "string": {
                                        "enabled": true,
                                        "type": "string",
                                        "value": "{00000000-0000-0000-0000-000000000000}",
                                        "visible": true
                                    }
                                }
                            ],
                            "properties": {
                                "__categories": [
                                    {
                                        "expanded": true,
                                        "id": "widget",
                                        "visible": true
                                    },
                                    {
                                        "expanded": true,
                                        "id": "listwheel",
                                        "visible": true
                                    },
                                    {
                                        "expanded": true,
                                        "id": "event",
                                        "visible": true
                                    },
                                    {
                                        "expanded": true,
                                        "id": "editorOptions",
                                        "visible": true
                                    }
                                ],
                                "__groups": [
                                    {
                                        "expanded": true,
                                        "id": "position",
                                        "visible": true
                                    },
                                    {
                                        "expanded": true,
                                        "id": "size",
                                        "visible": true
                                    },
                                    {
                                        "expanded": false,
                                        "id": "alignment",
                                        "visible": true
                                    },
                                    {
                                        "expanded": false,
                                        "id": "margins",
                                        "visible": true
                                    },
                                    {
                                        "expanded": true,
                                        "id": "indicatorGroup",
                                        "visible": true
                                    },
                                    {
                                        "expanded": false,
                                        "id": "momentumGroup",
                                        "visible": true
                                    }
                                ],
                                "alphaEnable": {
                                    "enabled": true,
                                    "type": "boolean",
                                    "value": false,
                                    "visible": true
                                },
                                "alphaLevel": {
                                    "enabled": true,
                                    "type": "integer",
                                    "value": 255,
                                    "visible": true
                                },
                                "autoHideWheel": {
                                    "enabled": true,
                                    "type": "boolean",
                                    "value": true,
                                    "visible": true
                                },
                                "background": {
                                    "enabled": true,
                                    "type": "combo",
                                    "value": 0,
                                    "visible": true
                                },
                                "border": {
                                    "enabled": true,
                                    "type": "combo",
                                    "value": 0,
                                    "visible": true
                                },
                                "editorExpanded": {
                                    "enabled": true,
                                    "type": "boolean",
                                    "value": true,
                                    "visible": true
                                },
                                "editorHidden": {
                                    "enabled": true,
                                    "type": "boolean",
                                    "value": false,
                                    "visible": true
                                },
                                "editorLocked": {
                                    "enabled": true,
                                    "type": "boolean",
                                    "value": false,
                                    "visible": true
                                },
                                "enabled": {
                                    "enabled": true,
                                    "type": "boolean",
                                    "value": true,
                                    "visible": true
                                },
                                "falloffRate": {
                                    "enabled": true,
                                    "type": "integer",
                                    "value": 1,
                                    "visible": true
                                },
                                "fillMode": {
                                    "enabled": true,
                                    "type": "combo",
                                    "value": 0,
                                    "visible": true
                                },
                                "flickSpeed": {
                                    "enabled": true,
                                    "type": "integer",
                                    "value": 20,
                                    "visible": true
                                },
                                "halign": {
                                    "enabled": true,
                                    "type": "combo",
                                    "value": 1,
                                    "visible": true
                                },
                                "height": {
                                    "enabled": true,
                                    "type": "integer",
                                    "value": 432,
                                    "visible": true
                                },
                                "id": {
                                    "enabled": true,
                                    "type": "uuid",
                                    "value": "{aeb2170f-9ec7-45b7-9b6b-ffd9cd8b3b61}",
                                    "visible": true
                                },
                                "imageMargin": {
                                    "enabled": true,
                                    "type": "integer",
                                    "value": 0,
                                    "visible": true
                                },
                                "imagePosition": {
                                    "enabled": true,
                                    "type": "combo",
                                    "value": 0,
                                    "visible": true
                                },
                                "indicatorArea": {
                                    "enabled": true,
                                    "type": "integer",
                                    "value": 80,
                                    "visible": true
                                },
                                "marginBottom": {
                                    "enabled": true,
                                    "type": "integer",
                                    "value": 4,
                                    "visible": true
                                },
                                "marginLeft": {
                                    "enabled": true,
                                    "type": "integer",
                                    "value": 4,
                                    "visible": true
                                },
                                "marginRight": {
                                    "enabled": true,
                                    "type": "integer",
                                    "value": 4,
                                    "visible": true
                                },
                                "marginTop": {
                                    "enabled": true,
                                    "type": "integer",
                                    "value": 4,
                                    "visible": true
                                },
                                "maxMomentum": {
                                    "enabled": true,
                                    "type": "integer",
                                    "value": 100,
                                    "visible": true
                                },
                                "name": {
                                    "enabled": true,
                                    "type": "text",
                                    "value": "ListWheelWidget_0",
                                    "visible": true
                                },
                                "rotationUpdate": {
                                    "enabled": true,
                                    "type": "integer",
                                    "value": 40,
                                    "visible": true
                                },
                                "scheme": {
                                    "enabled": true,
                                    "type": "scheme",
                                    "value": "{00000000-0000-0000-0000-000000000000}",
                                    "visible": true
                                },
                                "selectedIndex": {
                                    "enabled": true,
                                    "type": "integer",
                                    "value": 0,
                                    "visible": true
                                },
                                "shaded": {
                                    "enabled": true,
                                    "type": "boolean",
                                    "value": false,
                                    "visible": true
                                },
                                "showIndicators": {
                                    "enabled": true,
                                    "type": "boolean",
                                    "value": false,
                                    "visible": true
                                },
                                "valign": {
                                    "enabled": true,
                                    "type": "combo",
                                    "value": 1,
                                    "visible": true
                                },
                                "visible": {
                                    "enabled": true,
                                    "type": "boolean",
                                    "value": true,
                                    "visible": true
                                },
                                "visibleItems": {
                                    "enabled": true,
                                    "type": "integer",
                                    "value": 3,
                                    "visible": true
                                },
                                "width": {
                                    "enabled": true,
                                    "type": "integer",
                                    "value": 160,
                                    "visible": true
                                },
                                "x": {
                                    "enabled": true,
                                    "type": "integer",
                                    "value": 136,
                                    "visible": true
                                },
                                "y": {
                                    "enabled": true,
                                    "type": "integer",
                                    "value": 0,
                                    "visible": true
                                }
                            },
                            "type": "ListWheelWidget"
                        }
                    ],
                    "properties": {
                        "__categories": [
                            {
                                "expanded": true,
                                "id": "widget",
                                "visible": true
                            },
                            {
                                "expanded": true,
                                "id": "editorOptions",
                                "visible": true
                            }
                        ],
                        "__groups": [
                            {
                                "expanded": false,
                                "id": "position",
                                "visible": true
                            },
                            {
                                "expanded": false,
                                "id": "size",
                                "visible": true
                            },
                            {
                                "expanded": false,
                                "id": "alignment",
                                "visible": true
                            },
                            {
                                "expanded": false,
                                "id": "margins",
                                "visible": true
                            }
                        ],
                        "alphaEnable": {
                            "enabled": true,
                            "type": "boolean",
                            "value": false,
                            "visible": true
                        },
                        "alphaLevel": {
                            "enabled": true,
                            "type": "integer",
                            "value": 255,
                            "visible": true
                        },
                        "background": {
                            "enabled": true,
                            "type": "combo",
                            "value": 1,
                            "visible": true
                        },
                        "border": {
                            "enabled": true,
                            "type": "combo",
                            "value": 0,
                            "visible": true
                        },
                        "editorExpanded": {
                            "enabled": true,
                            "type": "boolean",
                            "value": true,
                            "visible": true
                        },
                        "editorHidden": {
                            "enabled": true,
                            "type": "boolean",
                            "value": false,
                            "visible": true
                        },
                        "editorLocked": {
                            "enabled": true,
                            "type": "boolean",
                            "value": false,
                            "visible": true
                        },
                        "enabled": {
                            "enabled": true,
                            "type": "boolean",
                            "value": true,
                            "visible": true
                        },
                        "halign": {
                            "enabled": true,
                            "type": "combo",
                            "value": 1,
                            "visible": true
                        },
                        "height": {
                            "enabled": true,
                            "type": "integer",
                            "value": 432,
                            "visible": true
                        },
                        "id": {
                            "enabled": true,
                            "type": "uuid",
                            "value": "{21c26958-c27e-4b9a-8e66-3ae7683e9f1e}",
                            "visible": true
                        },
                        "marginBottom": {
                            "enabled": true,
                            "type": "integer",
                            "value": 4,
                            "visible": true
                        },
                        "marginLeft": {
                            "enabled": true,
                            "type": "integer",
                            "value": 4,
                            "visible": true
                        },
                        "marginRight": {
                            "enabled": true,
                            "type": "integer",
                            "value": 4,
                            "visible": true
                        },
                        "marginTop": {
                            "enabled": true,
                            "type": "integer",
                            "value": 4,
                            "visible": true
                        },
                        "name": {
                            "enabled": true,
                            "type": "text",
                            "value": "PanelBG",
                            "visible": true
                        },
                        "scheme": {
                            "enabled": true,
                            "type": "scheme",
                            "value": "{f75758e5-4bb7-45b1-9089-1034387c7646}",
                            "visible": true
                        },
                        "valign": {
                            "enabled": true,
                            "type": "combo",
                            "value": 1,
                            "visible": true
                        },
                        "visible": {
                            "enabled": true,
                            "type": "boolean",
                            "value": true,
                            "visible": true
                        },
                        "width": {
                            "enabled": true,
                            "type": "integer",
                            "value": 432,
                            "visible": true
                        },
                        "x": {
                            "enabled": true,
                            "type": "integer",
                            "value": 0,
                            "visible": true
                        },
                        "y": {
                            "enabled": true,
                            "type": "integer",
                            "value": 0,
                            "visible": true
                        }
                    },
                    "type": "PanelWidget"
                },
                {
                    "children": [
                        {
                            "properties": {
                                "__categories": [
                                    {
                                        "expanded": true,
                                        "id": "widget",
                                        "visible": true
                                    },
                                    {
                                        "expanded": true,
                                        "id": "label",
                                        "visible": true
                                    },
                                    {
                                        "expanded": true,
                                        "id": "editorOptions",
                                        "visible": true
                                    }
                                ],
                                "__groups": [
                                    {
                                        "expanded": false,
                                        "id": "position",
                                        "visible": true
                                    },
                                    {
                                        "expanded": false,
                                        "id": "size",
                                        "visible": true
                                    },
                                    {
                                        "expanded": false,
                                        "id": "alignment",
                                        "visible": true
                                    },
                                    {
                                        "expanded": false,
                                        "id": "margins",
                                        "visible": true
                                    }
                                ],
                                "alphaEnable": {
                                    "enabled": true,
                                    "type": "boolean",
                                    "value": false,
                                    "visible": true
                                },
                                "alphaLevel": {
                                    "enabled": true,
                                    "type": "integer",
                                    "value": 255,
                                    "visible": true
                                },
                                "background": {
                                    "enabled": true,
                                    "type": "combo",
                                    "value": 0,
                                    "visible": true
                                },
                                "border": {
                                    "enabled": true,
                                    "type": "combo",
                                    "value": 0,
                                    "visible": true
                                },
                                "editorExpanded": {
                                    "enabled": true,
                                    "type": "boolean",
                                    "value": true,
                                    "visible": true
                                },
                                "editorHidden": {
                                    "enabled": true,
                                    "type": "boolean",
                                    "value": false,
                                    "visible": true
                                },
                                "editorLocked": {
                                    "enabled": true,
                                    "type": "boolean",
                                    "value": false,
                                    "visible": true
                                },
                                "enabled": {
                                    "enabled": true,
                                    "type": "boolean",
                                    "value": true,
                                    "visible": true
                                },
                                "halign": {
                                    "enabled": true,
                                    "type": "combo",
                                    "value": 0,
                                    "visible": true
                                },
                                "height": {
                                    "enabled": true,
                                    "type": "integer",
                                    "value": 25,
                                    "visible": true
                                },
                                "id": {
                                    "enabled": true,
                                    "type": "uuid",
                                    "value": "{470fecb7-cd07-4081-ab71-345de9f604bf}",
                                    "visible": true
                                },
                                "marginBottom": {
                                    "enabled": true,
                                    "type": "integer",
                                    "value": 4,
                                    "visible": true
                                },
                                "marginLeft": {
                                    "enabled": true,
                                    "type": "integer",
                                    "value": 4,
                                    "visible": true
                                },
                                "marginRight": {
                                    "enabled": true,
                                    "type": "integer",
                                    "value": 4,
                                    "visible": true
                                },
                                "marginTop": {
                                    "enabled": true,
                                    "type": "integer",
                                    "value": 4,
                                    "visible": true
                                },
                                "name": {
                                    "enabled": true,
                                    "type": "text",
                                    "value": "LabelWidget_0",
                                    "visible": true
                                },
                                "scheme": {
                                    "enabled": true,
                                    "type": "scheme",
                                    "value": "{49762658-332a-4f12-b546-1d017bc8f338}",
                                    "visible": true
                                },
                                "string": {
                                    "enabled": true,
                                    "type": "string",
                                    "value": "{919a4ebf-9f71-4402-b0b1-ebd5399afcd6}",
                                    "visible": true
                                },
                                "valign": {
                                    "enabled": true,
                                    "type": "combo",
                                    "value": 1,
                                    "visible": true
                                },
                                "visible": {
                                    "enabled": true,
                                    "type": "boolean",
                                    "value": true,
                                    "visible": true
                                },
                                "width": {
                                    "enabled": true,
                                    "type": "integer",
                                    "value": 198,
                                    "visible": true
                                },
                                "x": {
                                    "enabled": true,
                                    "type": "integer",
                                    "value": 18,
                                    "visible": true
                                },
                                "y": {
                                    "enabled": true,
                                    "type": "integer",
                                    "value": 26,
                                    "visible": true
                                }
                            },
                            "type": "LabelWidget"
                        }
                    ],
                    "properties": {
                        "__categories": [
                            {
                                "expanded": true,
                                "id": "widget",
                                "visible": true
                            },
                            {
                                "expanded": true,
                                "id": "editorOptions",
                                "visible": true
                            }
                        ],
                        "__groups": [
                            {
                                "expanded": false,
                                "id": "position",
                                "visible": true
                            },
                            {
                                "expanded": true,
                                "id": "size",
                                "visible": true
                            },
                            {
                                "expanded": false,
                                "id": "alignment",
                                "visible": true
                            },
                            {
                                "expanded": false,
                                "id": "margins",
                                "visible": true
                            }
                        ],
                        "alphaEnable": {
                            "enabled": true,
                            "type": "boolean",
                            "value": false,
                            "visible": true
                        },
                        "alphaLevel": {
                            "enabled": true,
                            "type": "integer",
                            "value": 255,
                            "visible": true
                        },
                        "background": {
                            "enabled": true,
                            "type": "combo",
                            "value": 1,
                            "visible": true
                        },
                        "border": {
                            "enabled": true,
                            "type": "combo",
                            "value": 0,
                            "visible": true
                        },
                        "editorExpanded": {
                            "enabled": true,
                            "type": "boolean",
                            "value": true,
                            "visible": true
                        },
                        "editorHidden": {
                            "enabled": true,
                            "type": "boolean",
                            "value": false,
                            "visible": true
                        },
                        "editorLocked": {
                            "enabled": true,
                            "type": "boolean",
                            "value": false,
                            "visible": true
                        },
                        "enabled": {
                            "enabled": true,
                            "type": "boolean",
                            "value": true,
                            "visible": true
                        },
                        "halign": {
                            "enabled": true,
                            "type": "combo",
                            "value": 1,
                            "visible": true
                        },
                        "height": {
                            "enabled": true,
                            "type": "integer",
                            "value": 51,
                            "visible": true
                        },
                        "id": {
                            "enabled": true,
                            "type": "uuid",
                            "value": "{b101d2b0-b8ca-44d0-b65b-fb98c715aa2a}",
                            "visible": true
                        },
                        "marginBottom": {
                            "enabled": true,
                            "type": "integer",
                            "value": 4,
                            "visible": true
                        },
                        "marginLeft": {
                            "enabled": true,
                            "type": "integer",
                            "value": 4,
                            "visible": true
                        },
                        "marginRight": {
                            "enabled": true,
                            "type": "integer",
                            "value": 4,
                            "visible": true
                        },
                        "marginTop": {
                            "enabled": true,
                            "type": "integer",
                            "value": 4,
                            "visible": true
                        },
                        "name": {
                            "enabled": true,
                            "type": "text",
                            "value": "PanelWidget_0",
                            "visible": true
                        },
                        "scheme": {
                            "enabled": true,
                            "type": "scheme",
                            "value": "{f75758e5-4bb7-45b1-9089-1034387c7646}",
                            "visible": true
                        },
                        "valign": {
                            "enabled": true,
                            "type": "combo",
                            "value": 1,
                            "visible": true
                        },
                        "visible": {
                            "enabled": true,
                            "type": "boolean",
                            "value": true,
                            "visible": true
                        },
                        "width": {
                            "enabled": true,
                            "type": "integer",
                            "value": 240,
                            "visible": true
                        },
                        "x": {
                            "enabled": true,
                            "type": "integer",
                            "value": 103,
                            "visible": true
                        },
                        "y": {
                            "enabled": true,
                            "type": "integer",
                            "value": 0,
                            "visible": true
                        }
                    },
                    "type": "PanelWidget"
                },
                {
                    "children": [
                        {
                            "properties": {
                                "__categories": [
                                    {
                                        "expanded": true,
                                        "id": "widget",
                                        "visible": true
                                    },
                                    {
                                        "expanded": true,
                                        "id": "label",
                                        "visible": true
                                    },
                                    {
                                        "expanded": true,
                                        "id": "editorOptions",
                                        "visible": true
                                    }
                                ],
                                "__groups": [
                                    {
                                        "expanded": true,
                                        "id": "position",
                                        "visible": true
                                    },
                                    {
                                        "expanded": false,
                                        "id": "size",
                                        "visible": true
                                    },
                                    {
                                        "expanded": false,
                                        "id": "alignment",
                                        "visible": true
                                    },
                                    {
                                        "expanded": false,
                                        "id": "margins",
                                        "visible": true
                                    }
                                ],
                                "alphaEnable": {
                                    "enabled": true,
                                    "type": "boolean",
                                    "value": false,
                                    "visible": true
                                },
                                "alphaLevel": {
                                    "enabled": true,
                                    "type": "integer",
                                    "value": 255,
                                    "visible": true
                                },
                                "background": {
                                    "enabled": true,
                                    "type": "combo",
                                    "value": 0,
                                    "visible": true
                                },
                                "border": {
                                    "enabled": true,
                                    "type": "combo",
                                    "value": 0,
                                    "visible": true
                                },
                                "editorExpanded": {
                                    "enabled": true,
                                    "type": "boolean",
                                    "value": true,
                                    "visible": true
                                },
                                "editorHidden": {
                                    "enabled": true,
                                    "type": "boolean",
                                    "value": false,
                                    "visible": true
                                },
                                "editorLocked": {
                                    "enabled": true,
                                    "type": "boolean",
                                    "value": false,
                                    "visible": true
                                },
                                "enabled": {
                                    "enabled": true,
                                    "type": "boolean",
                                    "value": true,
                                    "visible": true
                                },
                                "halign": {
                                    "enabled": true,
                                    "type": "combo",
                                    "value": 0,
                                    "visible": true
                                },
                                "height": {
                                    "enabled": true,
                                    "type": "integer",
                                    "value": 25,
                                    "visible": true
                                },
                                "id": {
                                    "enabled": true,
                                    "type": "uuid",
                                    "value": "{5b704eb4-711a-410a-ba67-0f262f350ff9}",
                                    "visible": true
                                },
                                "marginBottom": {
                                    "enabled": true,
                                    "type": "integer",
                                    "value": 4,
                                    "visible": true
                                },
                                "marginLeft": {
                                    "enabled": true,
                                    "type": "integer",
                                    "value": 4,
                                    "visible": true
                                },
                                "marginRight": {
                                    "enabled": true,
                                    "type": "integer",
                                    "value": 4,
                                    "visible": true
                                },
                                "marginTop": {
                                    "enabled": true,
                                    "type": "integer",
                                    "value": 4,
                                    "visible": true
                                },
                                "name": {
                                    "enabled": true,
                                    "type": "text",
                                    "value": "lbonline",
                                    "visible": true
                                },
                                "scheme": {
                                    "enabled": true,
                                    "type": "scheme",
                                    "value": "{f79bf5e1-8cc6-4ac3-a7e0-8f0a3bc2f306}",
                                    "visible": true
                                },
                                "string": {
                                    "enabled": true,
                                    "type": "string",
                                    "value": "{3568c479-f72f-4246-982d-9e1d1f368f97}",
                                    "visible": true
                                },
                                "valign": {
                                    "enabled": true,
                                    "type": "combo",
                                    "value": 1,
                                    "visible": true
                                },
                                "visible": {
                                    "enabled": true,
                                    "type": "boolean",
                                    "value": true,
                                    "visible": true
                                },
                                "width": {
                                    "enabled": true,
                                    "type": "integer",
                                    "value": 91,
                                    "visible": true
                                },
                                "x": {
                                    "enabled": true,
                                    "type": "integer",
                                    "value": 49,
                                    "visible": true
                                },
                                "y": {
                                    "enabled": true,
                                    "type": "integer",
                                    "value": 1,
                                    "visible": true
                                }
                            },
                            "type": "LabelWidget"
                        }
                    ],
                    "properties": {
                        "__categories": [
                            {
                                "expanded": true,
                                "id": "widget",
                                "visible": true
                            },
                            {
                                "expanded": true,
                                "id": "editorOptions",
                                "visible": true
                            }
                        ],
                        "__groups": [
                            {
                                "expanded": true,
                                "id": "position",
                                "visible": true
                            },
                            {
                                "expanded": true,
                                "id": "size",
                                "visible": true
                            },
                            {
                                "expanded": false,
                                "id": "alignment",
                                "visible": true
                            },
                            {
                                "expanded": false,
                                "id": "margins",
                                "visible": true
                            }
                        ],
                        "alphaEnable": {
                            "enabled": true,
                            "type": "boolean",
                            "value": false,
                            "visible": true
                        },
                        "alphaLevel": {
                            "enabled": true,
                            "type": "integer",
                            "value": 255,
                            "visible": true
                        },
                        "background": {
                            "enabled": true,
                            "type": "combo",
                            "value": 1,
                            "visible": true
                        },
                        "border": {
                            "enabled": true,
                            "type": "combo",
                            "value": 0,
                            "visible": true
                        },
                        "editorExpanded": {
                            "enabled": true,
                            "type": "boolean",
                            "value": true,
                            "visible": true
                        },
                        "editorHidden": {
                            "enabled": true,
                            "type": "boolean",
                            "value": false,
                            "visible": true
                        },
                        "editorLocked": {
                            "enabled": true,
                            "type": "boolean",
                            "value": false,
                            "visible": true
                        },
                        "enabled": {
                            "enabled": true,
                            "type": "boolean",
                            "value": true,
                            "visible": true
                        },
                        "halign": {
                            "enabled": true,
                            "type": "combo",
                            "value": 1,
                            "visible": true
                        },
                        "height": {
                            "enabled": true,
                            "type": "integer",
                            "value": 45,
                            "visible": true
                        },
                        "id": {
                            "enabled": true,
                            "type": "uuid",
                            "value": "{ed96db0f-28f5-4f3a-ae1f-e3c2146ca357}",
                            "visible": true
                        },
                        "marginBottom": {
                            "enabled": true,
                            "type": "integer",
                            "value": 4,
                            "visible": true
                        },
                        "marginLeft": {
                            "enabled": true,
                            "type": "integer",
                            "value": 4,
                            "visible": true
                        },
                        "marginRight": {
                            "enabled": true,
                            "type": "integer",
                            "value": 4,
                            "visible": true
                        },
                        "marginTop": {
                            "enabled": true,
                            "type": "integer",
                            "value": 4,
                            "visible": true
                        },
                        "name": {
                            "enabled": true,
                            "type": "text",
                            "value": "PanelWidget_1",
                            "visible": true
                        },
                        "scheme": {
                            "enabled": true,
                            "type": "scheme",
                            "value": "{f75758e5-4bb7-45b1-9089-1034387c7646}",
                            "visible": true
                        },
                        "valign": {
                            "enabled": true,
                            "type": "combo",
                            "value": 1,
                            "visible": true
                        },
                        "visible": {
                            "enabled": true,
                            "type": "boolean",
                            "value": true,
                            "visible": true
                        },
                        "width": {
                            "enabled": true,
                            "type": "integer",
                            "value": 176,
                            "visible": true
                        },
                        "x": {
                            "enabled": true,
                            "type": "integer",
                            "value": 124,
                            "visible": true
                        },
                        "y": {
                            "enabled": true,
                            "type": "integer",
                            "value": 387,
                            "visible": true
                        }
                    },
                    "type": "PanelWidget"
                }
            ],
            "properties": {
                "__categories": [
                    {
                        "expanded": true,
                        "id": "layer",
                        "visible": true
                    },
                    {
                        "expanded": true,
                        "id": "editorOptions",
                        "visible": true
                    }
                ],
                "__groups": [
                    {
                        "expanded": false,
                        "id": "position",
                        "visible": false
                    },
                    {
                        "expanded": false,
                        "id": "size",
                        "visible": false
                    },
                    {
                        "expanded": false,
                        "id": "alignment",
                        "visible": true
                    },
                    {
                        "expanded": false,
                        "id": "margins",
                        "visible": true
                    }
                ],
                "alphaEnable": {
                    "enabled": true,
                    "type": "boolean",
                    "value": false,
                    "visible": true
                },
                "alphaLevel": {
                    "enabled": true,
                    "type": "integer",
                    "value": 255,
                    "visible": true
                },
                "background": {
                    "enabled": true,
                    "type": "combo",
                    "value": 0,
                    "visible": true
                },
                "border": {
                    "enabled": true,
                    "type": "combo",
                    "value": 0,
                    "visible": true
                },
                "clearMode": {
                    "enabled": true,
                    "type": "combo",
                    "value": 0,
                    "visible": true
                },
                "colorMode": {
                    "enabled": true,
                    "type": "combo",
                    "value": 6,
                    "visible": true
                },
                "editorExpanded": {
                    "enabled": true,
                    "type": "boolean",
                    "value": true,
                    "visible": true
                },
                "editorHidden": {
                    "enabled": true,
                    "type": "boolean",
                    "value": false,
                    "visible": true
                },
                "editorLocked": {
                    "enabled": true,
                    "type": "boolean",
                    "value": false,
                    "visible": true
                },
                "enabled": {
                    "enabled": true,
                    "type": "boolean",
                    "value": true,
                    "visible": true
                },
                "halign": {
                    "enabled": true,
                    "type": "combo",
                    "value": 1,
                    "visible": true
                },
                "height": {
                    "enabled": true,
                    "type": "integer",
                    "value": 432,
                    "visible": true
                },
                "id": {
                    "enabled": true,
                    "type": "uuid",
                    "value": "{bfb15aa0-955f-4305-a68c-931d30bc5b48}",
                    "visible": true
                },
                "marginBottom": {
                    "enabled": true,
                    "type": "integer",
                    "value": 4,
                    "visible": true
                },
                "marginLeft": {
                    "enabled": true,
                    "type": "integer",
                    "value": 4,
                    "visible": true
                },
                "marginRight": {
                    "enabled": true,
                    "type": "integer",
                    "value": 4,
                    "visible": true
                },
                "marginTop": {
                    "enabled": true,
                    "type": "integer",
                    "value": 4,
                    "visible": true
                },
                "name": {
                    "enabled": true,
                    "type": "text",
                    "value": "Layer_0",
                    "visible": true
                },
                "renderMode": {
                    "enabled": true,
                    "type": "combo",
                    "value": 1,
                    "visible": true
                },
                "scheme": {
                    "enabled": true,
                    "type": "scheme",
                    "value": "{00000000-0000-0000-0000-000000000000}",
                    "visible": true
                },
                "sizeLocked": {
                    "enabled": true,
                    "type": "boolean",
                    "value": true,
                    "visible": true
                },
                "valign": {
                    "enabled": true,
                    "type": "combo",
                    "value": 1,
                    "visible": true
                },
                "visible": {
                    "enabled": true,
                    "type": "boolean",
                    "value": true,
                    "visible": true
                },
                "width": {
                    "enabled": true,
                    "type": "integer",
                    "value": 432,
                    "visible": true
                },
                "x": {
                    "enabled": true,
                    "type": "integer",
                    "value": 0,
                    "visible": true
                },
                "y": {
                    "enabled": true,
                    "type": "integer",
                    "value": 0,
                    "visible": true
                }
            }
        }
    ],
    "properties": {
        "__categories": [
            {
                "expanded": true,
                "id": "screen",
                "visible": true
            },
            {
                "expanded": true,
                "id": "event",
                "visible": true
            }
        ],
        "__groups": [
        ],
        "createAtStartup": {
            "enabled": true,
            "type": "boolean",
            "value": false,
            "visible": false
        },
        "enabled": {
            "enabled": true,
            "type": "boolean",
            "value": true,
            "visible": true
        },
        "id": {
            "enabled": true,
            "type": "uuid",
            "value": "{cc5d2e6e-7d6f-4dea-83ef-ae584c372ed4}",
            "visible": true
        },
        "name": {
            "enabled": true,
            "type": "text",
            "value": "Screen1",
            "visible": true
        },
        "persistent": {
            "enabled": true,
            "type": "boolean",
            "value": false,
            "visible": true
        }
    }
}
