{
    "systemLocations": [
        {
            "properties": {
                "__categories": [
                    {
                        "expanded": true,
                        "id": "System Location Properties",
                        "visible": true
                    }
                ],
                "__groups": [
                ],
                "capacity": {
                    "enabled": true,
                    "type": "integer",
                    "value": 0,
                    "visible": true
                },
                "id": {
                    "enabled": true,
                    "type": "uuid",
                    "value": "{1fde5e57-d794-4a13-9fca-c449f831bf1c}",
                    "visible": true
                },
                "name": {
                    "enabled": true,
                    "type": "text",
                    "value": "Internal Flash",
                    "visible": true
                }
            }
        },
        {
            "properties": {
                "__categories": [
                    {
                        "expanded": true,
                        "id": "System Location Properties",
                        "visible": true
                    }
                ],
                "__groups": [
                ],
                "capacity": {
                    "enabled": true,
                    "type": "integer",
                    "value": 0,
                    "visible": true
                },
                "id": {
                    "enabled": true,
                    "type": "uuid",
                    "value": "{9aaa5648-20c8-45e0-b8fe-77dab7ca9032}",
                    "visible": true
                },
                "name": {
                    "enabled": true,
                    "type": "text",
                    "value": "Internal SRAM",
                    "visible": true
                }
            }
        }
    ],
    "userLocations": [
        {
            "properties": {
                "__categories": [
                    {
                        "expanded": true,
                        "id": "User Location Properties",
                        "visible": true
                    }
                ],
                "__groups": [
                ],
                "accessMode": {
                    "enabled": true,
                    "type": "combo",
                    "value": 0,
                    "visible": true
                },
                "capacity": {
                    "enabled": true,
                    "type": "integer",
                    "value": 8388608,
                    "visible": true
                },
                "id": {
                    "enabled": true,
                    "type": "uuid",
                    "value": "{b5bf2b3e-65a9-47b8-98a2-fc93b70f9ffe}",
                    "visible": true
                },
                "logicalStartingAddress": {
                    "enabled": true,
                    "type": "hex",
                    "value": 0,
                    "visible": false
                },
                "memorymapped": {
                    "enabled": true,
                    "type": "boolean",
                    "value": false,
                    "visible": true
                },
                "name": {
                    "enabled": true,
                    "type": "text",
                    "value": "SD_CARD_BIN",
                    "visible": true
                },
                "outputFileName": {
                    "enabled": true,
                    "type": "text",
                    "value": "Assets",
                    "visible": true
                },
                "outputFileType": {
                    "enabled": true,
                    "type": "combo",
                    "value": 2,
                    "visible": true
                },
                "startingAddress": {
                    "enabled": true,
                    "type": "hex",
                    "value": 0,
                    "visible": false
                },
                "useLogicalAddress": {
                    "enabled": true,
                    "type": "boolean",
                    "value": false,
                    "visible": true
                },
                "writeAlignment": {
                    "enabled": true,
                    "type": "combo",
                    "value": 1,
                    "visible": false
                },
                "writeStartingAddress": {
                    "enabled": true,
                    "type": "hex",
                    "value": 0,
                    "visible": false
                }
            },
            "reservedBlocks": [
            ]
        },
        {
            "properties": {
                "__categories": [
                    {
                        "expanded": true,
                        "id": "User Location Properties",
                        "visible": true
                    }
                ],
                "__groups": [
                ],
                "accessMode": {
                    "enabled": true,
                    "type": "combo",
                    "value": 0,
                    "visible": true
                },
                "capacity": {
                    "enabled": true,
                    "type": "integer",
                    "value": 0,
                    "visible": true
                },
                "id": {
                    "enabled": true,
                    "type": "uuid",
                    "value": "{60109d8a-b053-40b0-bef1-d38fc835fe76}",
                    "visible": true
                },
                "logicalStartingAddress": {
                    "enabled": true,
                    "type": "hex",
                    "value": 0,
                    "visible": false
                },
                "memorymapped": {
                    "enabled": true,
                    "type": "boolean",
                    "value": false,
                    "visible": true
                },
                "name": {
                    "enabled": true,
                    "type": "text",
                    "value": "MHC_LOGO_SD_RAW",
                    "visible": true
                },
                "outputFileName": {
                    "enabled": true,
                    "type": "text",
                    "value": "NewUserLocation_0",
                    "visible": false
                },
                "outputFileType": {
                    "enabled": true,
                    "type": "combo",
                    "value": 0,
                    "visible": true
                },
                "startingAddress": {
                    "enabled": true,
                    "type": "hex",
                    "value": 0,
                    "visible": false
                },
                "useLogicalAddress": {
                    "enabled": true,
                    "type": "boolean",
                    "value": false,
                    "visible": true
                },
                "writeAlignment": {
                    "enabled": true,
                    "type": "combo",
                    "value": 1,
                    "visible": false
                },
                "writeStartingAddress": {
                    "enabled": true,
                    "type": "hex",
                    "value": 0,
                    "visible": false
                }
            },
            "reservedBlocks": [
            ]
        },
        {
            "properties": {
                "__categories": [
                    {
                        "expanded": true,
                        "id": "User Location Properties",
                        "visible": true
                    }
                ],
                "__groups": [
                ],
                "accessMode": {
                    "enabled": true,
                    "type": "combo",
                    "value": 0,
                    "visible": true
                },
                "capacity": {
                    "enabled": true,
                    "type": "integer",
                    "value": 65536,
                    "visible": true
                },
                "id": {
                    "enabled": true,
                    "type": "uuid",
                    "value": "{691b8205-4a20-4843-9e7d-7e92c485b4de}",
                    "visible": true
                },
                "logicalStartingAddress": {
                    "enabled": true,
                    "type": "hex",
                    "value": 0,
                    "visible": false
                },
                "memorymapped": {
                    "enabled": true,
                    "type": "boolean",
                    "value": false,
                    "visible": true
                },
                "name": {
                    "enabled": true,
                    "type": "text",
                    "value": "IMAGE_SD_PNG",
                    "visible": true
                },
                "outputFileName": {
                    "enabled": true,
                    "type": "text",
                    "value": "NewUserLocation_0",
                    "visible": false
                },
                "outputFileType": {
                    "enabled": true,
                    "type": "combo",
                    "value": 0,
                    "visible": true
                },
                "startingAddress": {
                    "enabled": true,
                    "type": "hex",
                    "value": 0,
                    "visible": false
                },
                "useLogicalAddress": {
                    "enabled": true,
                    "type": "boolean",
                    "value": false,
                    "visible": true
                },
                "writeAlignment": {
                    "enabled": true,
                    "type": "combo",
                    "value": 1,
                    "visible": false
                },
                "writeStartingAddress": {
                    "enabled": true,
                    "type": "hex",
                    "value": 0,
                    "visible": false
                }
            },
            "reservedBlocks": [
            ]
        },
        {
            "properties": {
                "__categories": [
                    {
                        "expanded": true,
                        "id": "User Location Properties",
                        "visible": true
                    }
                ],
                "__groups": [
                ],
                "accessMode": {
                    "enabled": true,
                    "type": "combo",
                    "value": 0,
                    "visible": true
                },
                "capacity": {
                    "enabled": true,
                    "type": "integer",
                    "value": 65536,
                    "visible": true
                },
                "id": {
                    "enabled": true,
                    "type": "uuid",
                    "value": "{1713cf26-57f1-4744-adc9-1a133a6f4e7d}",
                    "visible": true
                },
                "logicalStartingAddress": {
                    "enabled": true,
                    "type": "hex",
                    "value": 0,
                    "visible": false
                },
                "memorymapped": {
                    "enabled": true,
                    "type": "boolean",
                    "value": false,
                    "visible": true
                },
                "name": {
                    "enabled": true,
                    "type": "text",
                    "value": "IMAGE_SD_JPG",
                    "visible": true
                },
                "outputFileName": {
                    "enabled": true,
                    "type": "text",
                    "value": "NewUserLocation_0",
                    "visible": false
                },
                "outputFileType": {
                    "enabled": true,
                    "type": "combo",
                    "value": 0,
                    "visible": true
                },
                "startingAddress": {
                    "enabled": true,
                    "type": "hex",
                    "value": 0,
                    "visible": false
                },
                "useLogicalAddress": {
                    "enabled": true,
                    "type": "boolean",
                    "value": false,
                    "visible": true
                },
                "writeAlignment": {
                    "enabled": true,
                    "type": "combo",
                    "value": 1,
                    "visible": false
                },
                "writeStartingAddress": {
                    "enabled": true,
                    "type": "hex",
                    "value": 0,
                    "visible": false
                }
            },
            "reservedBlocks": [
            ]
        }
    ]
}
