{
    "name": "Game_title_font",
    "properties": {
        "Antialias": {
            "type": "BOOLEAN",
            "value": false
        },
        "Size": {
            "type": "INTEGER",
            "value": 32
        },
        "SourceName": {
            "type": "TEXT",
            "value": "NotoSansCJKtc-Bold.otf"
        },
        "MemoryLocation": {
            "type": "MEMORY_LOC",
            "value": "Internal Flash"
        },
        "Name": {
            "type": "TEXT",
            "value": "Game_title_font"
        }
    }
}