{
    "ranges": [{
        "name": "Basic Latin",
        "start": 32,
        "end": 127
    }],
    "name": "Snake_life_label",
    "properties": {
        "Antialias": {
            "type": "BOOLEAN",
            "value": false
        },
        "Size": {
            "type": "INTEGER",
            "value": 24
        },
        "SourceName": {
            "type": "TEXT",
            "value": "NotoSansCJKtc-Bold.otf"
        },
        "MemoryLocation": {
            "type": "MEMORY_LOC",
            "value": "Internal Flash"
        },
        "Name": {
            "type": "TEXT",
            "value": "Snake_life_label"
        }
    }
}