{
    "bindings": [
        {
            "font": "{f2334898-61cd-48ce-9ff7-3cac76c440f7}",
            "language": "{10b89d12-61d3-4ed5-a931-4ff48313c597}",
            "string": "{9466c727-c940-498d-a725-c316801c6e1a}"
        },
        {
            "font": "{f2334898-61cd-48ce-9ff7-3cac76c440f7}",
            "language": "{10b89d12-61d3-4ed5-a931-4ff48313c597}",
            "string": "{97841547-fdfb-4a25-ba63-6ea12be035e2}"
        },
        {
            "font": "{f2334898-61cd-48ce-9ff7-3cac76c440f7}",
            "language": "{10b89d12-61d3-4ed5-a931-4ff48313c597}",
            "string": "{f6d04b75-63f5-4606-9897-e19cefee14b0}"
        }
    ],
    "defaultLanguage": "{10b89d12-61d3-4ed5-a931-4ff48313c597}",
    "encoding": "ASCII",
    "languages": [
        {
            "properties": {
                "__categories": [
                ],
                "__groups": [
                ],
                "enabled": {
                    "enabled": true,
                    "type": "boolean",
                    "value": true,
                    "visible": true
                },
                "id": {
                    "enabled": true,
                    "type": "uuid",
                    "value": "{10b89d12-61d3-4ed5-a931-4ff48313c597}",
                    "visible": true
                },
                "name": {
                    "enabled": true,
                    "type": "text",
                    "value": "Default",
                    "visible": true
                }
            }
        }
    ],
    "paths": [
    ],
    "strings": [
        {
            "properties": {
                "__categories": [
                ],
                "__groups": [
                ],
                "description": {
                    "enabled": true,
                    "type": "text",
                    "value": "",
                    "visible": true
                },
                "id": {
                    "enabled": true,
                    "type": "uuid",
                    "value": "{9466c727-c940-498d-a725-c316801c6e1a}",
                    "visible": true
                },
                "name": {
                    "enabled": true,
                    "type": "text",
                    "value": "Temp",
                    "visible": true
                },
                "path": {
                    "enabled": true,
                    "type": "text",
                    "value": "/",
                    "visible": true
                }
            },
            "values": [
                {
                    "language": "{10b89d12-61d3-4ed5-a931-4ff48313c597}",
                    "value": "Temp"
                }
            ]
        },
        {
            "properties": {
                "__categories": [
                ],
                "__groups": [
                ],
                "description": {
                    "enabled": true,
                    "type": "text",
                    "value": "",
                    "visible": true
                },
                "id": {
                    "enabled": true,
                    "type": "uuid",
                    "value": "{97841547-fdfb-4a25-ba63-6ea12be035e2}",
                    "visible": true
                },
                "name": {
                    "enabled": true,
                    "type": "text",
                    "value": "Light",
                    "visible": true
                },
                "path": {
                    "enabled": true,
                    "type": "text",
                    "value": "/",
                    "visible": true
                }
            },
            "values": [
                {
                    "language": "{10b89d12-61d3-4ed5-a931-4ff48313c597}",
                    "value": "Light"
                }
            ]
        },
        {
            "properties": {
                "__categories": [
                ],
                "__groups": [
                ],
                "description": {
                    "enabled": true,
                    "type": "text",
                    "value": "000 F",
                    "visible": true
                },
                "id": {
                    "enabled": true,
                    "type": "uuid",
                    "value": "{f6d04b75-63f5-4606-9897-e19cefee14b0}",
                    "visible": true
                },
                "name": {
                    "enabled": true,
                    "type": "text",
                    "value": "String",
                    "visible": true
                },
                "path": {
                    "enabled": true,
                    "type": "text",
                    "value": "/",
                    "visible": true
                }
            },
            "values": [
                {
                    "language": "{10b89d12-61d3-4ed5-a931-4ff48313c597}",
                    "value": "000"
                }
            ]
        }
    ]
}
