{
    "__categories": [
        {
            "expanded": true,
            "id": "raw",
            "visible": true
        }
    ],
    "__groups": [
    ],
    "bitsPerPixel": {
        "enabled": false,
        "type": "integer",
        "value": 24,
        "visible": true
    },
    "colorCount": {
        "enabled": false,
        "type": "integer",
        "value": 9631,
        "visible": true
    },
    "colorMaskMode": {
        "enabled": true,
        "type": "combo",
        "value": 0,
        "visible": true
    },
    "colorMode": {
        "enabled": true,
        "type": "combo",
        "value": 5,
        "visible": true
    },
    "maskColor": {
        "enabled": true,
        "image": "{79211b8c-c99b-4a3f-bd06-2df10364a8aa}",
        "type": "imagecolor",
        "value": 0,
        "visible": false
    },
    "outputSize": {
        "enabled": false,
        "type": "integer",
        "value": 105156,
        "visible": true
    },
    "renderMode": {
        "enabled": true,
        "type": "combo",
        "value": 1,
        "visible": true
    },
    "useRLE": {
        "enabled": true,
        "type": "boolean",
        "value": false,
        "visible": true
    }
}
