{
    "bindings": [
        {
            "font": "{8c39319a-c255-4b5d-9c43-63ea1198dc63}",
            "language": "{c5cb611e-4d22-4216-a267-21a42c8e64ab}",
            "string": "{2f60d4b3-20f7-41e0-b728-e13fd32dc6a9}"
        },
        {
            "font": "{8c39319a-c255-4b5d-9c43-63ea1198dc63}",
            "language": "{c5cb611e-4d22-4216-a267-21a42c8e64ab}",
            "string": "{4f016a92-8ff7-4056-ab32-a1057f958534}"
        },
        {
            "font": "{8c39319a-c255-4b5d-9c43-63ea1198dc63}",
            "language": "{c5cb611e-4d22-4216-a267-21a42c8e64ab}",
            "string": "{833b881a-df5a-4a4f-a83b-fccdc2e5c629}"
        },
        {
            "font": "{8c39319a-c255-4b5d-9c43-63ea1198dc63}",
            "language": "{c5cb611e-4d22-4216-a267-21a42c8e64ab}",
            "string": "{b1d1c861-8ef7-47d4-ba6c-c1626ec4ea57}"
        },
        {
            "font": "{8c39319a-c255-4b5d-9c43-63ea1198dc63}",
            "language": "{c5cb611e-4d22-4216-a267-21a42c8e64ab}",
            "string": "{b6697da1-5db6-42aa-8e93-d30dca89e6c4}"
        }
    ],
    "defaultLanguage": "{c5cb611e-4d22-4216-a267-21a42c8e64ab}",
    "encoding": "ASCII",
    "languages": [
        {
            "properties": {
                "__categories": [
                ],
                "__groups": [
                ],
                "enabled": {
                    "enabled": true,
                    "type": "boolean",
                    "value": true,
                    "visible": true
                },
                "id": {
                    "enabled": true,
                    "type": "uuid",
                    "value": "{c5cb611e-4d22-4216-a267-21a42c8e64ab}",
                    "visible": true
                },
                "name": {
                    "enabled": true,
                    "type": "text",
                    "value": "Default",
                    "visible": true
                }
            }
        }
    ],
    "paths": [
    ],
    "strings": [
        {
            "properties": {
                "__categories": [
                ],
                "__groups": [
                ],
                "description": {
                    "enabled": true,
                    "type": "text",
                    "value": "",
                    "visible": true
                },
                "id": {
                    "enabled": true,
                    "type": "uuid",
                    "value": "{2f60d4b3-20f7-41e0-b728-e13fd32dc6a9}",
                    "visible": true
                },
                "name": {
                    "enabled": true,
                    "type": "text",
                    "value": "Fast",
                    "visible": true
                },
                "path": {
                    "enabled": true,
                    "type": "text",
                    "value": "/",
                    "visible": true
                }
            },
            "values": [
                {
                    "language": "{c5cb611e-4d22-4216-a267-21a42c8e64ab}",
                    "value": "Fast."
                }
            ]
        },
        {
            "properties": {
                "__categories": [
                ],
                "__groups": [
                ],
                "description": {
                    "enabled": true,
                    "type": "text",
                    "value": "",
                    "visible": true
                },
                "id": {
                    "enabled": true,
                    "type": "uuid",
                    "value": "{4f016a92-8ff7-4056-ab32-a1057f958534}",
                    "visible": true
                },
                "name": {
                    "enabled": true,
                    "type": "text",
                    "value": "Easy",
                    "visible": true
                },
                "path": {
                    "enabled": true,
                    "type": "text",
                    "value": "/",
                    "visible": true
                }
            },
            "values": [
                {
                    "language": "{c5cb611e-4d22-4216-a267-21a42c8e64ab}",
                    "value": "Easy."
                }
            ]
        },
        {
            "properties": {
                "__categories": [
                ],
                "__groups": [
                ],
                "description": {
                    "enabled": true,
                    "type": "text",
                    "value": "",
                    "visible": true
                },
                "id": {
                    "enabled": true,
                    "type": "uuid",
                    "value": "{833b881a-df5a-4a4f-a83b-fccdc2e5c629}",
                    "visible": true
                },
                "name": {
                    "enabled": true,
                    "type": "text",
                    "value": "Start_Screen_Text",
                    "visible": true
                },
                "path": {
                    "enabled": true,
                    "type": "text",
                    "value": "/",
                    "visible": true
                }
            },
            "values": [
                {
                    "language": "{c5cb611e-4d22-4216-a267-21a42c8e64ab}",
                    "value": "Welcome!"
                }
            ]
        },
        {
            "properties": {
                "__categories": [
                ],
                "__groups": [
                ],
                "description": {
                    "enabled": true,
                    "type": "text",
                    "value": "",
                    "visible": true
                },
                "id": {
                    "enabled": true,
                    "type": "uuid",
                    "value": "{b1d1c861-8ef7-47d4-ba6c-c1626ec4ea57}",
                    "visible": true
                },
                "name": {
                    "enabled": true,
                    "type": "text",
                    "value": "Smart",
                    "visible": true
                },
                "path": {
                    "enabled": true,
                    "type": "text",
                    "value": "/",
                    "visible": true
                }
            },
            "values": [
                {
                    "language": "{c5cb611e-4d22-4216-a267-21a42c8e64ab}",
                    "value": "Smart."
                }
            ]
        },
        {
            "properties": {
                "__categories": [
                ],
                "__groups": [
                ],
                "description": {
                    "enabled": true,
                    "type": "text",
                    "value": "",
                    "visible": true
                },
                "id": {
                    "enabled": true,
                    "type": "uuid",
                    "value": "{b6697da1-5db6-42aa-8e93-d30dca89e6c4}",
                    "visible": true
                },
                "name": {
                    "enabled": true,
                    "type": "text",
                    "value": "Title",
                    "visible": true
                },
                "path": {
                    "enabled": true,
                    "type": "text",
                    "value": "/",
                    "visible": true
                }
            },
            "values": [
                {
                    "language": "{c5cb611e-4d22-4216-a267-21a42c8e64ab}",
                    "value": "Harmony 3 Photoframe"
                }
            ]
        }
    ]
}
