{
    " ": {
        "advance": 9,
        "bearingX": 0,
        "bearingY": 0,
        "codePoint": 32,
        "height": 0,
        "width": 0
    },
    "!": {
        "advance": 9,
        "bearingX": 3,
        "bearingY": 11,
        "codePoint": 33,
        "data": "Sv9OPv9CMv82Jv8qGv8eDv8SAv8GAPAAAAEAS/pHR/VE",
        "height": 11,
        "width": 3
    },
    "\"": {
        "advance": 9,
        "bearingX": 2,
        "bearingY": 11,
        "codePoint": 34,
        "data": "3soAyuLLtwC3z7ikAKS8pZEAkak=",
        "height": 4,
        "width": 5
    },
    "#": {
        "advance": 9,
        "bearingX": 0,
        "bearingY": 11,
        "codePoint": 35,
        "data": "AAAAuVoAfpEAAAAA7CcAslsAAAAf8wEA5iYAHP////////+sAhiHnxhYzhgQAACkbQBuoQAAAADPRACXeAAArP////////8kED/qGBr2MBgDAFy2ACznAAAAAI+CAGGyAAAA",
        "height": 11,
        "width": 9
    },
    "$": {
        "advance": 9,
        "bearingX": 1,
        "bearingY": 12,
        "codePoint": 36,
        "data": "AAAA/wQAAAAAAP8EAAAAeOH/9cczV/NJ/y1vE3/OAP8EAAAz+pH/BAAAADKs/8RHAAAAAP95+U4AAAD/BLKXblss/1nvY2bX9f/QbwEAAAD/BAAAAAAA/wQAAA==",
        "height": 13,
        "width": 7
    },
    "%": {
        "advance": 9,
        "bearingX": 0,
        "bearingY": 11,
        "codePoint": 37,
        "data": "PdfgcQAAqn4A0lAT8h4o7xAA9yEA2kKihgAA0FET80DwFAAAO9fhdJqOAAAAAAAAHPEZAAAAAAAAkpZ34dU5AAAX8T/zElTPAACKnkPZACb2ABLwJR7yE1XQAIKmAABx4dc7",
        "height": 11,
        "width": 9
    },
    "&": {
        "advance": 9,
        "bearingX": 0,
        "bearingY": 11,
        "codePoint": 38,
        "data": "AAKN6PGrDwAAAF7zRDTeigAAAIbPAAChrgAAAEv8KDbyWQAAAAC64fVzAAAAADXb/awAAAAAH/GXPPlnA+podvAHAGb5kvUUeuoBAACd/30ANf6MJVTf8cMFAF3Z+NlyGuaV",
        "height": 11,
        "width": 9
    },
    "'": {
        "advance": 9,
        "bearingX": 3,
        "bearingY": 11,
        "codePoint": 39,
        "data": "Uv9WP/9DLP8wGf8d",
        "height": 4,
        "width": 3
    },
    "(": {
        "advance": 9,
        "bearingX": 2,
        "bearingY": 11,
        "codePoint": 40,
        "data": "AAAu5lYAIOxeAAC7rgAAO/8rAACS0AAAALykAAAA0Y8AAAC9pAAAAJXPAAAAP/8oAAABwqoAAAAk71kAAAAy5lI=",
        "height": 13,
        "width": 5
    },
    ")": {
        "advance": 9,
        "bearingX": 2,
        "bearingY": 11,
        "codePoint": 41,
        "data": "V+UsAAAAYusfAAAAsboAAAAv/zkAAADVkAAAAKm6AAAAk9AAAACpvAAAANSUAAAs/z0AAK3AAQBd7iMAVOUvAAA=",
        "height": 13,
        "width": 5
    },
    "*": {
        "advance": 9,
        "bearingX": 0,
        "bearingY": 12,
        "codePoint": 42,
        "data": "AAAAN/8uAAAAAAAAHP8TAAAAAKh6NPYyeqkAAKC32//Zt6AAAAADw8a9AgAAAAB96RLsegAAAACPfAB5kQAA",
        "height": 7,
        "width": 9
    },
    "+": {
        "advance": 9,
        "bearingX": 1,
        "bearingY": 9,
        "codePoint": 43,
        "data": "AAAK2AoAAAAADP8MAAAAAAz/DAAA5P//////4BUYIv8iGBUAAAz/DAAAAAAK6AoAAA==",
        "height": 7,
        "width": 7
    },
    ",": {
        "advance": 9,
        "bearingX": 3,
        "bearingY": 2,
        "codePoint": 44,
        "data": "D/+hPf9TcusHq4kA",
        "height": 4,
        "width": 3
    },
    "-": {
        "advance": 9,
        "bearingX": 2,
        "bearingY": 5,
        "codePoint": 45,
        "data": "6P///+w2PDw8Nw==",
        "height": 2,
        "width": 5
    },
    ".": {
        "advance": 9,
        "bearingX": 3,
        "bearingY": 2,
        "codePoint": 46,
        "data": "a/dqa/dq",
        "height": 2,
        "width": 3
    },
    "/": {
        "advance": 9,
        "bearingX": 1,
        "bearingY": 11,
        "codePoint": 47,
        "data": "AAAAABf5OgAAAAB8zwAAAAAD42QAAAAAUu8KAAAAAL2OAAAAACn9JQAAAACTuAAAAAAM8U0AAAAAad8CAAAAANN3AAAAAD/4FAAAAAA=",
        "height": 11,
        "width": 7
    },
    "0": {
        "advance": 9,
        "bearingX": 1,
        "bearingY": 11,
        "codePoint": 48,
        "data": "AEjU+NA/ACT3eyR/8hyLzAAAANCCxZEAAACTwOF3AAAAed/pcQAAAHLp4HcAAAB54MKRAAAAk8OFzAAAANCIH/V6I3/2IgBD0/nTRQA=",
        "height": 11,
        "width": 7
    },
    "1": {
        "advance": 9,
        "bearingX": 1,
        "bearingY": 11,
        "codePoint": 49,
        "data": "AABJ7IwDhuzXjB3CJrSMAAAAuowAAAC8jAAAALyMAAAAvIwAAAC8jAAAALyMAAAAvIwAAAC8jA==",
        "height": 11,
        "width": 5
    },
    "2": {
        "advance": 9,
        "bearingX": 1,
        "bearingY": 11,
        "codePoint": 50,
        "data": "EI7k9cg7AHTCRCea7xYBAwAAB/xUAAAAAAX8VQAAAABS+RQAAAAT44YAAAAGwcAEAAABo9YRAAAAieMdAAAAbPZGHBwcF9j//////9Q=",
        "height": 11,
        "width": 7
    },
    "3": {
        "advance": 9,
        "bearingX": 0,
        "bearingY": 11,
        "codePoint": 51,
        "data": "ADy07/PFPQAAq5A8KZ7zGwAAAAAACf5VAAAAAAAl/z0AAA0jSdGlAAAAZv3/ty8AAAAAABRs+UoAAAAAAAC3qgAAAAAAAMinCZpGJTGP/kYFneD46r1EAA==",
        "height": 11,
        "width": 8
    },
    "4": {
        "advance": 9,
        "bearingX": 0,
        "bearingY": 11,
        "codePoint": 52,
        "data": "AAAAABrtsAAAAAAAALfZsAAAAAAAadCQsAAAAAAk7zGXsAAAAAPFfACbsAAAAHnIAwCcsAAAL+8mAACcsAAAi/////////9ADxwcHBymuBwHAAAAAACcsAAAAAAAAACcsAAA",
        "height": 11,
        "width": 9
    },
    "5": {
        "advance": 9,
        "bearingX": 1,
        "bearingY": 11,
        "codePoint": 53,
        "data": "J//////wADz9HhwcGgBR6gAAAAAAZtMAAAAAAHn47fTJSQAKPyIymfw4AAAAAADTmQAAAAAArrQAAAAAAdiQfFAoMZr1J2nX9um0LQA=",
        "height": 11,
        "width": 7
    },
    "6": {
        "advance": 9,
        "bearingX": 1,
        "bearingY": 11,
        "codePoint": 54,
        "data": "AANx0/jyDQCb62MsMgQ2+ygAAAAAjrsAAAAAAMCWpfXhfwLX8WoYR+9p250AAACNwMeHAAAAdNWNygAAAKCyIfSQK2L5RwA7y/jWXQA=",
        "height": 11,
        "width": 7
    },
    "7": {
        "advance": 9,
        "bearingX": 1,
        "bearingY": 11,
        "codePoint": 55,
        "data": "9P//////7xocHBwcqrgAAAAAD/RRAAAAAG/lBAAAAADXgQAAAABD/B0AAAAArrIAAAAAG/tKAAAAAILgAgAAAAXnewAAAABX+xgAAAA=",
        "height": 11,
        "width": 7
    },
    "8": {
        "advance": 9,
        "bearingX": 1,
        "bearingY": 11,
        "codePoint": 56,
        "data": "AF7W9tZbADz+bCVs/Tt42AAAANV3Ue4KAAzvTAKsvj29kQAAT+it5DwAUOsjAEDtQsKMAAAAir/KhwAAAIrFfutOJFfxbwSB3vfacgE=",
        "height": 11,
        "width": 7
    },
    "9": {
        "advance": 9,
        "bearingX": 1,
        "bearingY": 11,
        "codePoint": 57,
        "data": "AF7W98k3AEv4YSuO8RS0ngAAAMmB1XQAAACEucGNAAAAmtds70cYZ/DVA4Hj9aWWvgAAAAAAu40AAAAAI/s1BCocU+SaAA70+NRxAwA=",
        "height": 11,
        "width": 7
    },
    ":": {
        "advance": 9,
        "bearingX": 3,
        "bearingY": 8,
        "codePoint": 58,
        "data": "P+g8P+k8AAAAAAAAAAAAAAAAP+g8P+k8",
        "height": 8,
        "width": 3
    },
    ";": {
        "advance": 9,
        "bearingX": 3,
        "bearingY": 8,
        "codePoint": 59,
        "data": "MuhJMuhJAAAAAAAAAAAAAAAAW/8wiucBuZAA6DAA",
        "height": 10,
        "width": 3
    },
    "<": {
        "advance": 9,
        "bearingX": 1,
        "bearingY": 9,
        "codePoint": 60,
        "data": "AAAAAARdsgAADHHiyFIWhOusOwAA2/FBAAAAABaF66s6AAAAAAxy4shRAAAAAAVesg==",
        "height": 7,
        "width": 7
    },
    "=": {
        "advance": 9,
        "bearingX": 1,
        "bearingY": 7,
        "codePoint": 61,
        "data": "5P//////4CowMDAwMCrk///////g",
        "height": 3,
        "width": 7
    },
    ">": {
        "advance": 9,
        "bearingX": 1,
        "bearingY": 9,
        "codePoint": 62,
        "data": "tFsEAAAAAFTK4G4LAAAAAD2v6oIVAAAAAEXy1wAAPK7qgxVUyuFvCwAAtVwEAAAAAA==",
        "height": 7,
        "width": 7
    },
    "?": {
        "advance": 9,
        "bearingX": 1,
        "bearingY": 11,
        "codePoint": 63,
        "data": "Trjn99ZrAF+GPCRa82YAAAAAAJSxAAAAAACpowAAAABm9jUAAACM70EAAABW7ykAAAAAkZ8AAAAAAAABAAAAAAC41QAAAAAAss4AAAA=",
        "height": 11,
        "width": 7
    },
    "@": {
        "advance": 9,
        "bearingX": 0,
        "bearingY": 11,
        "codePoint": 64,
        "data": "AABNyPLokQoAAF3cPgEUo7QAEOooAAAAA9xGY6sCiervg3iVnWtd1xCJn1K7ukyqfgCVkkDCv0i7bQCvhkyvrlyQpRPfnIN2fZUczulMxc0QJe0YAAAAAAAAAIDTPAIGODUAAABfzfPtvjYA",
        "height": 12,
        "width": 9
    },
    "A": {
        "advance": 9,
        "bearingX": 0,
        "bearingY": 11,
        "codePoint": 65,
        "data": "AAAAYf9dAAAAAAAAtOevAAAAAAAN+GX2CwAAAABZ4QLlVQAAAACskQCUqAAAAAn0QABB8wgAAFH//////04AAKOkJCQkpKEABfBTAAAAVO8FSPwQAAAAEfxHm8cAAAAAAMea",
        "height": 11,
        "width": 9
    },
    "B": {
        "advance": 9,
        "bearingX": 0,
        "bearingY": 11,
        "codePoint": 66,
        "data": "BP////zloBQABP9wICZS5LEABP9cAAAAdPUBBP9cAAAAduwABP9wICRO42kABP/////8jgsABP9cAAMlttMHBP9cAAAALf9CBP9cAAAAO/84BP9wICJEztcHBP/////pqSAA",
        "height": 11,
        "width": 9
    },
    "C": {
        "advance": 9,
        "bearingX": 0,
        "bearingY": 11,
        "codePoint": 67,
        "data": "AAAFdNP37sZHAAK08G8tOX4sAGj/QQAAAAAAAMu9AAAAAAAAAfuEAAAAAAAADP9rAAAAAAAAAv2BAAAAAAAAANOxAAAAAAAAAHz9KwAAAAAAAArS5WMrNGIfAAARj+D678Uk",
        "height": 11,
        "width": 9
    },
    "D": {
        "advance": 9,
        "bearingX": 0,
        "bearingY": 11,
        "codePoint": 68,
        "data": "BP///eaiJAAABP9wJEi98DAABP9cAAADwswABP9cAAAAUP8qBP9cAAAAHf9XBP9cAAAAEP9jBP9cAAAAIf9SBP9cAAAAW/8hBP9cAAAJ0cAABP9wKFbO6SYABP//+d2UGwAA",
        "height": 11,
        "width": 9
    },
    "E": {
        "advance": 9,
        "bearingX": 1,
        "bearingY": 11,
        "codePoint": 69,
        "data": "aP//////wGj1JCQkJBto9AAAAAAAaPQAAAAAAGj1ICAgIA9o//////94aPQEBAQEAWj0AAAAAABo9AAAAAAAaPUkJCQkG2j//////8A=",
        "height": 11,
        "width": 7
    },
    "F": {
        "advance": 9,
        "bearingX": 1,
        "bearingY": 11,
        "codePoint": 70,
        "data": "OP//////9Dj/RiQkJCI4/ygAAAAAOP8oAAAAADj/QyAgIBU4//////+sOP8rBAQEAjj/KAAAAAA4/ygAAAAAOP8oAAAAADj/KAAAAAA=",
        "height": 11,
        "width": 7
    },
    "G": {
        "advance": 9,
        "bearingX": 0,
        "bearingY": 11,
        "codePoint": 71,
        "data": "AAAYnej312wAABHdy0UwbmAAAI7xEQAAAAAAAOeVAAAAAAAAE/9nAAAAAAAAIP9QABT///8EFP9ZAAIkb/8EAOyDAAAAWP8EAJ3cBgAAWP8EACDutjwyjv8EAAAsufT015YB",
        "height": 11,
        "width": 9
    },
    "H": {
        "advance": 9,
        "bearingX": 0,
        "bearingY": 11,
        "codePoint": 72,
        "data": "BP9cAAAAXP8EBP9cAAAAXP8EBP9cAAAAXP8EBP9cAAAAXP8EBP9wICAgcP8EBP////////8EBP9eBAQEXv8EBP9cAAAAXP8EBP9cAAAAXP8EBP9cAAAAXP8EBP9cAAAAXP8E",
        "height": 11,
        "width": 9
    },
    "I": {
        "advance": 9,
        "bearingX": 1,
        "bearingY": 11,
        "codePoint": 73,
        "data": "Wv//////UgAIRP9ABwAAADD/LAAAAAAw/ywAAAAAMP8sAAAAADD/LAAAAAAw/ywAAAAAMP8sAAAAADD/LAAAAAdD/z8HAFr//////1I=",
        "height": 11,
        "width": 7
    },
    "J": {
        "advance": 9,
        "bearingX": 1,
        "bearingY": 11,
        "codePoint": 74,
        "data": "AAAAADD/LAAAAAAw/ywAAAAAMP8sAAAAADD/LAAAAAAw/ywAAAAAMP8sAAAAADD/LAAAAAA0/ykAAAAAaPsMejouaPCUALrv99RwBAA=",
        "height": 11,
        "width": 7
    },
    "K": {
        "advance": 9,
        "bearingX": 1,
        "bearingY": 11,
        "codePoint": 75,
        "data": "dOgAAABF+kF06AAAGelyAHToAAPApgAAdOgAhNEKAAB06ELzIgAAAHTv0/1GAAAAdPUrmN4KAAB06AAQ54wAAHToAABW/DIAdOgAAAC1zgN06AAAAB/0dg==",
        "height": 11,
        "width": 8
    },
    "L": {
        "advance": 9,
        "bearingX": 1,
        "bearingY": 11,
        "codePoint": 76,
        "data": "TP8UAAAAAEz/FAAAAABM/xQAAAAATP8UAAAAAEz/FAAAAABM/xQAAAAATP8UAAAAAEz/FAAAAABM/xQAAAAATP81JCQkGkz//////7w=",
        "height": 11,
        "width": 7
    },
    "M": {
        "advance": 9,
        "bearingX": 0,
        "bearingY": 11,
        "codePoint": 77,
        "data": "LP+9AAAAxv8sLOzvAAAD9vcsLNnlJAAu5uMsLOewVwBire0sLO56iwCWdfMsLPBEvgDKPPQsLPAP7wbyCfQsLPAA2VfKAPQsLPAAo7+RAPQsLPAAbf9YAPQsLPAAN/8gAPQs",
        "height": 11,
        "width": 9
    },
    "N": {
        "advance": 9,
        "bearingX": 0,
        "bearingY": 11,
        "codePoint": 78,
        "data": "BP/GAAAASP8E//w9AABI/wT/rLQAAEj/BP9L9iwASP8E/z2YogBI/wT/QCT4Hkj/BP9AAKuQRv8E/0AANPRR/wT/QAAAvbL/BP9AAABG/v8E/0AAAADP/w==",
        "height": 11,
        "width": 8
    },
    "O": {
        "advance": 9,
        "bearingX": 0,
        "bearingY": 11,
        "codePoint": 79,
        "data": "AABy3PnbagAAAHX7bytl+GgABe+RAAAAhukDN/8/AAAAOP81WP8bAAAAGP9ZYf8SAAAADv9kV/8bAAAAGP9ZNv8/AAAAOf80Be6QAAAAhugDAHX7bCtk92cAAABz3frbaQAA",
        "height": 11,
        "width": 9
    },
    "P": {
        "advance": 9,
        "bearingX": 1,
        "bearingY": 11,
        "codePoint": 80,
        "data": "tP//9tV0BAC0syAtc/t+ALSoAAAAmt4AtKgAAABx/AC0qAAAAJXgALSoABJb93cAtP///+dwAgC0syAPAAAAALSoAAAAAAAAtKgAAAAAAAC0qAAAAAAAAA==",
        "height": 11,
        "width": 8
    },
    "Q": {
        "advance": 9,
        "bearingX": 0,
        "bearingY": 11,
        "codePoint": 81,
        "data": "AABy3PnbagAAAHX7bytl+GgABe+RAAAAhukDN/8/AAAAOP81WP8bAAAAGP9ZYf8SAAAADv9jV/8bAAAAGP9UNv8/AAAAOf8zBe+QAAAAhukCAHb7bCtk92QAAAB03fv/kQAAAAAAAACu3gwAAAAAAAAe7MoVAAAAAAAAM7wN",
        "height": 14,
        "width": 9
    },
    "R": {
        "advance": 9,
        "bearingX": 1,
        "bearingY": 11,
        "codePoint": 82,
        "data": "pP//8M1lAACkxCAweP5gAKS8AAAAuLEApLwAAAC1tACkvAAPXPpTAKT////pUwAApMQgcfYdAACkvAAE26IAAKS8AABZ/jEApLwAAAHQvQCkvAAAAEv/TA==",
        "height": 11,
        "width": 8
    },
    "S": {
        "advance": 9,
        "bearingX": 1,
        "bearingY": 11,
        "codePoint": 83,
        "data": "AnfY9+7LXXnsVys9d0bFigAAAAAAs7UAAAAAAD/4t0MBAAAAMbL93mUBAAAAHYr6fwAAAAAAh+QAAAAAAHjnlVEuK2DuiaHh9vLQbAM=",
        "height": 11,
        "width": 7
    },
    "T": {
        "advance": 9,
        "bearingX": 0,
        "bearingY": 11,
        "codePoint": 84,
        "data": "QP////////88CSQkTf9JJCQIAAAAMP8sAAAAAAAAMP8sAAAAAAAAMP8sAAAAAAAAMP8sAAAAAAAAMP8sAAAAAAAAMP8sAAAAAAAAMP8sAAAAAAAAMP8sAAAAAAAAMP8sAAAA",
        "height": 11,
        "width": 9
    },
    "U": {
        "advance": 9,
        "bearingX": 0,
        "bearingY": 11,
        "codePoint": 85,
        "data": "E/xGAAAASP8YFP9IAAAASP8YFP9IAAAASP8YFP9IAAAASP8YFP9IAAAASP8YFP9IAAAASP8YFP9IAAAASP8YBv1WAAAAWf4JAOCOAAAAkOAAAHb2ai9o928AAAN52fngfAIA",
        "height": 11,
        "width": 9
    },
    "V": {
        "advance": 9,
        "bearingX": 0,
        "bearingY": 11,
        "codePoint": 86,
        "data": "mtIAAAAAANqaR/8gAAAAKP9GBe9uAAAAde0EAKG7AAAAwp8AAE36DgAS/EsAAAfyVwBc8AYAAACnpACppAAAAABU7QbwUAAAAAAK9WzzCAAAAAAAreCpAAAAAAAAWv9VAAAA",
        "height": 11,
        "width": 9
    },
    "W": {
        "advance": 9,
        "bearingX": 0,
        "bearingY": 11,
        "codePoint": 87,
        "data": "61QAAAAAAFHsyHUAAAAAAGzMppYAAAAAAIesg7cAQP9IAKGNYdgAgdqKALxtPvYAwXHMANdNHP8a8Q3wEPIuAfdqwgC1XP8OANe2ggBys+4AALT1QwAu9c8AAJH5CQAB6a8A",
        "height": 11,
        "width": 9
    },
    "X": {
        "advance": 9,
        "bearingX": 0,
        "bearingY": 11,
        "codePoint": 88,
        "data": "IfddAAAAWvIZAILlCwAK43MAAArhhACD1gUAAABU90D3QwAAAAAAvfmqAAAAAAAAev9xAAAAAAAU76nsEQAAAACYuwPWkwAAAC/6LgBP+yoAAL+bAAAAxLkAUvMYAAAAOv9O",
        "height": 11,
        "width": 9
    },
    "Y": {
        "advance": 9,
        "bearingX": 0,
        "bearingY": 11,
        "codePoint": 89,
        "data": "g+wKAAAAC+1+EO9vAAAAcu0OAH3hBQAG5HgAAA3sXwBk6gsAAAB31QTacgAAAAAL6aPmCQAAAAAAcf9tAAAAAAAAMP8sAAAAAAAAMP8sAAAAAAAAMP8sAAAAAAAAMP8sAAAA",
        "height": 11,
        "width": 9
    },
    "Z": {
        "advance": 9,
        "bearingX": 0,
        "bearingY": 11,
        "codePoint": 90,
        "data": "GP////////8YAyQkJCQkwsIBAAAAAABU9iUAAAAAABLodAAAAAAAAKTJAwAAAAAAS/gqAAAAAAAO43wAAAAAAACbzwQAAAAAAEP6MQAAAAAAC96fJCQkJCQIP/////////88",
        "height": 11,
        "width": 9
    },
    "[": {
        "advance": 9,
        "bearingX": 3,
        "bearingY": 11,
        "codePoint": 91,
        "data": "/P//5PxnGBX8WAAA/FgAAPxYAAD8WAAA/FgAAPxYAAD8WAAA/FgAAPxYAAD8ZxgV/P//5A==",
        "height": 13,
        "width": 4
    },
    "\\": {
        "advance": 9,
        "bearingX": 1,
        "bearingY": 11,
        "codePoint": 92,
        "data": "P/gUAAAAAADUdwAAAAAAad8CAAAAAAzxTQAAAAAAk7gAAAAAACn9JAAAAAAAvY4AAAAAAFLvCgAAAAAD42QAAAAAAHzPAAAAAAAX+To=",
        "height": 11,
        "width": 7
    },
    "]": {
        "advance": 9,
        "bearingX": 2,
        "bearingY": 11,
        "codePoint": 93,
        "data": "5P///BUYZ/wAAFj8AABY/AAAWPwAAFj8AABY/AAAWPwAAFj8AABY/AAAWPwVGGf85P///A==",
        "height": 13,
        "width": 4
    },
    "^": {
        "advance": 9,
        "bearingX": 0,
        "bearingY": 11,
        "codePoint": 94,
        "data": "AAAATeQHAAAAAAAAv9NsAAAAAAAx1ynjBwAAAACibgCsbQAAABnuDwAy5QgAAIaaAAAAuG4ACu0wAAAAPeYI",
        "height": 7,
        "width": 9
    },
    "_": {
        "advance": 9,
        "bearingX": -1,
        "bearingY": -1,
        "codePoint": 95,
        "data": "IP///////////xwBCAgICAgICAgIAA==",
        "height": 2,
        "width": 11
    },
    "`": {
        "advance": 9,
        "bearingX": 3,
        "bearingY": 11,
        "codePoint": 96,
        "data": "mOoSA4+s",
        "height": 2,
        "width": 3
    },
    "a": {
        "advance": 9,
        "bearingX": 0,
        "bearingY": 8,
        "codePoint": 97,
        "data": "ACWk4/jeeQAAGIk9JGD8SQAAAAAAAM97AAx+y+rt/IQArdc8CQDOhAD2bQAAB/CEANSzGiep9YQANc344m6QhA==",
        "height": 8,
        "width": 8
    },
    "b": {
        "advance": 9,
        "bearingX": 1,
        "bearingY": 12,
        "codePoint": 98,
        "data": "2HwAAAAAANh8AAAAAADYfAAAAAAA2HoAAAAAANiFqvXqgQHY82koYfhg2K8AAACfy9iGAAAAcPDYiAAAAHHv2LEAAAChytjzaydh+GHYUqn164IB",
        "height": 12,
        "width": 7
    },
    "c": {
        "advance": 9,
        "bearingX": 1,
        "bearingY": 8,
        "codePoint": 99,
        "data": "ACes7fngchrrvEAlUTyB6gwAAAAAsrUAAAAAALOzAAAAAACH5wkAAAAAHvC0OiRFUQAts/H53mk=",
        "height": 8,
        "width": 7
    },
    "d": {
        "advance": 9,
        "bearingX": 1,
        "bearingY": 12,
        "codePoint": 100,
        "data": "AAAAAAB82AAAAAAAfNgAAAAAAHzYAAAAAAB72AGA6fWqhdhg+GIobvbYyqAAAAC02PBwAAAAidjwbwAAAIPYzJ4AAACt2GT4YCdm8NgChev1pV/Y",
        "height": 12,
        "width": 7
    },
    "e": {
        "advance": 9,
        "bearingX": 0,
        "bearingY": 8,
        "codePoint": 101,
        "data": "AABZ1PjadQMAAEfyWiVM6HoAAMWGAAAAgeIAAPL///////8FAv18HBwcHBwAAM6nAAAAAAAAAE78fSstWV0AAABLx/fyy1MA",
        "height": 8,
        "width": 9
    },
    "f": {
        "advance": 9,
        "bearingX": 1,
        "bearingY": 12,
        "codePoint": 102,
        "data": "AAAAe+L53QsAAD7+VyU7AAAAddkAAAAAAACKzAAAAAC58f////+kAAoMjc4MDAcAAACIzAAAAAAAAIjMAAAAAAAAiMwAAAAAAACIzAAAAAAAAIjMAAAAAAAAiMwAAAAA",
        "height": 12,
        "width": 8
    },
    "g": {
        "advance": 9,
        "bearingX": 0,
        "bearingY": 8,
        "codePoint": 103,
        "data": "AAB84Pn//+82AFzuKAJp9hMAAJW5AAAO/z0AAGvqHgBd9hUAAASm++zPSAAAAATbQAAAAAAAACP+JgAAAAAAAAvU///82VIABtKHJBwjefYHNP8LAAAAL/8aE/Z5GBY/xMwAAEXH8vrflxYA",
        "height": 12,
        "width": 9
    },
    "h": {
        "advance": 9,
        "bearingX": 1,
        "bearingY": 12,
        "codePoint": 104,
        "data": "1IAAAAAAANSAAAAAAADUgAAAAAAA1IAAAAAAANSJpPLspA/U9oIqR+uL1MEAAACRxtSMAAAAgNTUgAAAAIDU1IAAAACA1NSAAAAAgNTUgAAAAIDU",
        "height": 12,
        "width": 7
    },
    "i": {
        "advance": 9,
        "bearingX": 1,
        "bearingY": 12,
        "codePoint": 105,
        "data": "AAAJ4D4AAAAACeA5AAAAAAAAAAAAAAAAAAAAAADu/v9MAAAAAAv/TAAAAAAI/0wAAAAACP9MAAAAAAj/TAAAAAAI/0wAAAAADf9QAACE9/////rQ",
        "height": 12,
        "width": 7
    },
    "j": {
        "advance": 9,
        "bearingX": 0,
        "bearingY": 12,
        "codePoint": 106,
        "data": "AAAAAC3jFwAAAAAt5BcAAAAAAAAAAAAAAAAAAAAj7fr//0AAAAAAGf9AAAAAABT/QAAAAAAU/0AAAAAAFP9AAAAAABT/QAAAAAAU/0AAAAAAFP9AAAAAABT/QAAAAAAg/zABSCUqquMHA9n48b0vAA==",
        "height": 16,
        "width": 7
    },
    "k": {
        "advance": 9,
        "bearingX": 1,
        "bearingY": 12,
        "codePoint": 107,
        "data": "bOQAAAAAAABs5AAAAAAAAGzkAAAAAAAAbOQAAAAAAABs5AAADcS9DGzjAA7GtAgAbNkOx6oFAABs1L7lBgAAAGz8kOaRAAAAbOQANPZoAABs5AAAU/lEAGzkAAAAeO8o",
        "height": 12,
        "width": 8
    },
    "l": {
        "advance": 9,
        "bearingX": 1,
        "bearingY": 12,
        "codePoint": 108,
        "data": "DvD//zwAAAAAH/88AAAAABz/PAAAAAAc/zwAAAAAHP88AAAAABz/PAAAAAAc/zwAAAAAHP88AAAAABz/PAAAAAAc/zwAAAAAIf9AAACT9/////rA",
        "height": 12,
        "width": 7
    },
    "m": {
        "advance": 9,
        "bearingX": 0,
        "bearingY": 8,
        "codePoint": 109,
        "data": "VK2h9G5886gAVPhed/SXOvwwVPAAHf8wAN9QVN4AFP8bANhYVNwAFP8YANhYVNwAFP8YANhYVNwAFP8YANhYVNwAFP8YANhY",
        "height": 8,
        "width": 9
    },
    "n": {
        "advance": 9,
        "bearingX": 1,
        "bearingY": 8,
        "codePoint": 110,
        "data": "1GGi8uykD9T0gipH64vUwQAAAJHG1IwAAACA1NSAAAAAgNTUgAAAAIDU1IAAAACA1NSAAAAAgNQ=",
        "height": 8,
        "width": 7
    },
    "o": {
        "advance": 9,
        "bearingX": 0,
        "bearingY": 8,
        "codePoint": 111,
        "data": "AABw3PraZQAAAGvwXCde8moAAOl6AAAAgOcAFf9FAAAASv8aHv9GAAAAS/8PAel8AAAAgeIAAG7xXCdd8mIAAABp3PrbawAA",
        "height": 8,
        "width": 9
    },
    "p": {
        "advance": 9,
        "bearingX": 1,
        "bearingY": 8,
        "codePoint": 112,
        "data": "2GCo9emAAdjxZidh+GDYrQAAAJ/L2IMAAABw8NiIAAAAce/YsQAAAKHK2PRrJ2H4YdiEqfXrggHYewAAAAAA2HwAAAAAANh8AAAAAADYfAAAAAAA",
        "height": 12,
        "width": 7
    },
    "q": {
        "advance": 9,
        "bearingX": 1,
        "bearingY": 8,
        "codePoint": 113,
        "data": "AYDq9KRe2GD4Yihu8tjKoAAAALTY8HAAAACJ2PBvAAAAg9jMngAAAK3YZPhgJ2bw2AKF6/WlgdgAAAAAAHvYAAAAAAB82AAAAAAAfNgAAAAAAHzY",
        "height": 12,
        "width": 7
    },
    "r": {
        "advance": 9,
        "bearingX": 1,
        "bearingY": 8,
        "codePoint": 114,
        "data": "EP8dnvHygxD/x2woPjoQ/4UAAAAAEP9NAAAAABD/RAAAAAAQ/0QAAAAAEP9EAAAAABD/RAAAAAA=",
        "height": 8,
        "width": 7
    },
    "s": {
        "advance": 9,
        "bearingX": 1,
        "bearingY": 8,
        "codePoint": 115,
        "data": "AG3Y+Ou7KD/4TSI5ew1L9zQAAAAAApX7xmQIAAAAHX3k3BcAAAAAC+N0U2IwIlX1T03Q8vfXbwA=",
        "height": 8,
        "width": 7
    },
    "t": {
        "advance": 9,
        "bearingX": 1,
        "bearingY": 11,
        "codePoint": 116,
        "data": "AAARCwAAAAAApFAAAAAAAuhQAAAAw/P/////hAsT/1gMDAYACP9QAAAAAAj/UAAAAAAI/1AAAAAABf5UAAAAAADasSYlGQAAO8/35F8=",
        "height": 11,
        "width": 7
    },
    "u": {
        "advance": 9,
        "bearingX": 1,
        "bearingY": 8,
        "codePoint": 117,
        "data": "1IAAAACA1NSAAAAAgNTUgAAAAIDU1IAAAACA1NSAAAAAjNTGkAAAALnUi+tFKHfz1A6j7POlXtQ=",
        "height": 8,
        "width": 7
    },
    "v": {
        "advance": 9,
        "bearingX": 0,
        "bearingY": 8,
        "codePoint": 118,
        "data": "N/8rAAAAL/8zANWJAAAAjtEAAHTkAgAD6HAAABf7RQBK+hQAAACxpACorQAAAABQ8xT1SwAAAAAE6Z/mAwAAAAAAjf2IAAAA",
        "height": 8,
        "width": 9
    },
    "w": {
        "advance": 9,
        "bearingX": -1,
        "bearingY": 8,
        "codePoint": 119,
        "data": "AO0/AE7/VAA47AAAuW0AidqNAGm5AACFnADEdMYAmoQAAFDKB/MU9QbKUAAAHPM3ywDRN/UbAAAA54KQAJmF5gAAAACz2VQAYdqyAAAAAH7/GQAo/34AAA==",
        "height": 8,
        "width": 11
    },
    "x": {
        "advance": 9,
        "bearingX": 0,
        "bearingY": 8,
        "codePoint": 120,
        "data": "A8K5AQABusEDABzscQBy6xsAAABM9133SQAAAAAAkP+MAAAAAAABtfqxAAAAAAB06zLrbwAAADb5TABP+DMAD96UAAAAl9sN",
        "height": 8,
        "width": 9
    },
    "y": {
        "advance": 9,
        "bearingX": 0,
        "bearingY": 8,
        "codePoint": 121,
        "data": "Mv8vAAAAMP80AMeWAAAAj9QAAFvxDAAE6XUAAAbpZQBO/BkAAACEzACstgAAAAAd/Dz4VwAAAAAArczvCAAAAAAAQv+YAAAAAAAANf85AAAAAAAAj9UAAAAACyJR9lkAAAAAPPPqfgAAAAAA",
        "height": 12,
        "width": 9
    },
    "z": {
        "advance": 9,
        "bearingX": 1,
        "bearingY": 8,
        "codePoint": 122,
        "data": "bP//////hAUMDAxE9DgAAAAa5mMAAAAHyJMAAAAAn8AEAAAAb+AUAAAAQvQ8DAwMB6v//////6Q=",
        "height": 8,
        "width": 7
    },
    "{": {
        "advance": 9,
        "bearingX": 1,
        "bearingY": 11,
        "codePoint": 123,
        "data": "AAAAHqvoUgAAALfDLwkAAADfdQAAAAAA4HQAAAAAAOVxAAABE2v+PQAAXP/1YQAAAAosgvozAAAAAADncAAAAAAA4HQAAAAAAN91AAAAAAC5wzAJAAAAIK3qUg==",
        "height": 13,
        "width": 7
    },
    "|": {
        "advance": 9,
        "bearingX": 3,
        "bearingY": 12,
        "codePoint": 124,
        "data": "DP8MDP8MDP8MDP8MDP8MDP8MDP8MDP8MDP8MDP8MDP8MDP8MDP8MDP8MDP8MDP8M",
        "height": 16,
        "width": 3
    },
    "}": {
        "advance": 9,
        "bearingX": 1,
        "bearingY": 11,
        "codePoint": 125,
        "data": "VuirHQAAAAkxyLYAAAAAAHnfAAAAAAB44AAAAAAAduQAAAAAAEH+axMBAAAAZPX/XAAANvqCKwoAAHXnAAAAAAB44AAAAAAAed8AAAAJL8a4AAAAVumtHwAAAA==",
        "height": 13,
        "width": 7
    },
    "~": {
        "advance": 9,
        "bearingX": 1,
        "bearingY": 8,
        "codePoint": 126,
        "data": "AAAAAAAAAFDp1DYAAETLO2/wazzJRAAAOdboTQAAAAAAAAA=",
        "height": 5,
        "width": 7
    }
}
